id,title,category,subcategory,shop,tool_family,skill_level,dimensions,operations,fit_type,svg,preview,license,sensitivity,trademark_status,review_status
tc-bolt-circle-90mm-12x5mm,"90 mm bolt circle, 12 × 5 mm holes",core-geometry,bolt-circles,general,none,introductory,120 × 120 mm,CUT,none,generated/svg/core-geometry/tc-bolt-circle-90mm-12x5mm.svg,generated/previews/core-geometry/tc-bolt-circle-90mm-12x5mm.svg,CC-BY-SA-4.0,none,original-generic,unverified
tc-bracket-l-100mm,100 mm L-bracket blank,core-geometry,brackets,general,none,introductory,110 × 110 mm,CUT,none,generated/svg/core-geometry/tc-bracket-l-100mm.svg,generated/previews/core-geometry/tc-bracket-l-100mm.svg,CC-BY-SA-4.0,none,original-generic,unverified
tc-cal-dimension-verification,Dimension verification sheet,calibration,dimensions,general,none,introductory,220 × 150 mm,CUT+SCORE+ENGRAVE,none,generated/svg/calibration/tc-cal-dimension-verification.svg,generated/previews/calibration/tc-cal-dimension-verification.svg,CC-BY-SA-4.0,none,original-generic,unverified
tc-cal-four-fit-series,"Loose, slip, snug and press fit series",calibration,fit-series,general,none,introductory,170 × 70 mm,CUT+ENGRAVE,loose-to-press,generated/svg/calibration/tc-cal-four-fit-series.svg,generated/previews/calibration/tc-cal-four-fit-series.svg,CC-BY-SA-4.0,none,original-generic,unverified
tc-cal-hole-fit,Hole-fit gauge,calibration,hole-fit,general,none,introductory,210 × 70 mm,CUT+ENGRAVE,loose-to-press,generated/svg/calibration/tc-cal-hole-fit.svg,generated/previews/calibration/tc-cal-hole-fit.svg,CC-BY-SA-4.0,none,original-generic,unverified
tc-cal-kerf-test,Kerf test comb,calibration,kerf,general,none,introductory,210 × 65 mm,CUT+SCORE+ENGRAVE,measurement,generated/svg/calibration/tc-cal-kerf-test.svg,generated/previews/calibration/tc-cal-kerf-test.svg,CC-BY-SA-4.0,none,original-generic,unverified
tc-cal-material-thickness,Material thickness gauge,calibration,thickness,general,none,introductory,210 × 70 mm,CUT+ENGRAVE,loose-to-press,generated/svg/calibration/tc-cal-material-thickness.svg,generated/previews/calibration/tc-cal-material-thickness.svg,CC-BY-SA-4.0,none,original-generic,unverified
tc-cal-ruler-check,100 mm ruler check,calibration,ruler,general,none,introductory,120 × 35 mm,CUT+SCORE+ENGRAVE,none,generated/svg/calibration/tc-cal-ruler-check.svg,generated/previews/calibration/tc-cal-ruler-check.svg,CC-BY-SA-4.0,none,original-generic,unverified
tc-cal-slot-fit,Slot-fit gauge,calibration,slot-fit,general,none,introductory,210 × 70 mm,CUT+ENGRAVE,loose-to-press,generated/svg/calibration/tc-cal-slot-fit.svg,generated/previews/calibration/tc-cal-slot-fit.svg,CC-BY-SA-4.0,none,original-generic,unverified
tc-cal-tab-fit,Tab-fit gauge,calibration,tab-fit,general,none,introductory,210 × 70 mm,CUT+ENGRAVE,loose-to-press,generated/svg/calibration/tc-cal-tab-fit.svg,generated/previews/calibration/tc-cal-tab-fit.svg,CC-BY-SA-4.0,none,original-generic,unverified
tc-capsule-100x30mm,100 × 30 mm capsule,core-geometry,capsules,general,none,introductory,110 × 40 mm,CUT,none,generated/svg/core-geometry/tc-capsule-100x30mm.svg,generated/previews/core-geometry/tc-capsule-100x30mm.svg,CC-BY-SA-4.0,none,original-generic,unverified
tc-cleat-alignment-jig,French-cleat alignment jig,french-cleat,interfaces-accessories,general,modular organization,intermediate,220 × 80 mm,CUT+ENGRAVE+SCORE,none,generated/svg/french-cleat/tc-cleat-alignment-jig.svg,generated/previews/french-cleat/tc-cleat-alignment-jig.svg,CC-BY-SA-4.0,none,original-generic,unverified
tc-cleat-anti-lift-retainer,Anti-lift retainer prototype,french-cleat,interfaces-accessories,general,modular organization,intermediate,100 × 45 mm,CUT,none,generated/svg/french-cleat/tc-cleat-anti-lift-retainer.svg,generated/previews/french-cleat/tc-cleat-anti-lift-retainer.svg,CC-BY-SA-4.0,none,original-generic,unverified
tc-cleat-anti-slide-stop,Anti-slide stop pair,french-cleat,interfaces-accessories,general,modular organization,intermediate,80 × 35 mm,CUT,none,generated/svg/french-cleat/tc-cleat-anti-slide-stop.svg,generated/previews/french-cleat/tc-cleat-anti-slide-stop.svg,CC-BY-SA-4.0,none,original-generic,unverified
tc-cleat-blank-shelf,Blank module shelf parts,french-cleat,interfaces-accessories,general,modular organization,intermediate,240 × 170 mm,CUT,none,generated/svg/french-cleat/tc-cleat-blank-shelf.svg,generated/previews/french-cleat/tc-cleat-blank-shelf.svg,CC-BY-SA-4.0,none,original-generic,unverified
tc-cleat-cable-module,Cable and cord module,french-cleat,interfaces-accessories,general,modular organization,intermediate,200 × 120 mm,CUT,none,generated/svg/french-cleat/tc-cleat-cable-module.svg,generated/previews/french-cleat/tc-cleat-cable-module.svg,CC-BY-SA-4.0,none,original-generic,unverified
tc-cleat-double-cleat-backer-300,Double-cleat backer,french-cleat,interfaces-accessories,general,modular organization,intermediate,300 × 150 mm,CUT+SCORE,none,generated/svg/french-cleat/tc-cleat-double-cleat-backer-300.svg,generated/previews/french-cleat/tc-cleat-double-cleat-backer-300.svg,CC-BY-SA-4.0,none,original-generic,unverified
tc-cleat-drilling-template,French-cleat drilling template,french-cleat,interfaces-accessories,general,modular organization,intermediate,300 × 60 mm,CUT,none,generated/svg/french-cleat/tc-cleat-drilling-template.svg,generated/previews/french-cleat/tc-cleat-drilling-template.svg,CC-BY-SA-4.0,none,original-generic,unverified
tc-cleat-interface-300,Cleat interface reference,french-cleat,interfaces-accessories,general,modular organization,intermediate,300 × 60 mm,CUT+SCORE,none,generated/svg/french-cleat/tc-cleat-interface-300.svg,generated/previews/french-cleat/tc-cleat-interface-300.svg,CC-BY-SA-4.0,none,original-generic,unverified
tc-cleat-lower-standoff-150,Lower standoff strip,french-cleat,interfaces-accessories,general,modular organization,intermediate,150 × 25 mm,CUT,none,generated/svg/french-cleat/tc-cleat-lower-standoff-150.svg,generated/previews/french-cleat/tc-cleat-lower-standoff-150.svg,CC-BY-SA-4.0,none,original-generic,unverified
tc-cleat-module-cleat-200,Module cleat strip,french-cleat,interfaces-accessories,general,modular organization,intermediate,200 × 45 mm,CUT,none,generated/svg/french-cleat/tc-cleat-module-cleat-200.svg,generated/previews/french-cleat/tc-cleat-module-cleat-200.svg,CC-BY-SA-4.0,none,original-generic,unverified
tc-cleat-module-face-100x100mm,French-cleat module face 100 × 100 mm,french-cleat,module-faces,general,modular organization,introductory,100 × 100 mm,CUT+SCORE+ENGRAVE,none,generated/svg/french-cleat/tc-cleat-module-face-100x100mm.svg,generated/previews/french-cleat/tc-cleat-module-face-100x100mm.svg,CC-BY-SA-4.0,none,original-generic,unverified
tc-cleat-module-face-100x150mm,French-cleat module face 100 × 150 mm,french-cleat,module-faces,general,modular organization,introductory,100 × 150 mm,CUT+SCORE+ENGRAVE,none,generated/svg/french-cleat/tc-cleat-module-face-100x150mm.svg,generated/previews/french-cleat/tc-cleat-module-face-100x150mm.svg,CC-BY-SA-4.0,none,original-generic,unverified
tc-cleat-module-face-100x200mm,French-cleat module face 100 × 200 mm,french-cleat,module-faces,general,modular organization,introductory,100 × 200 mm,CUT+SCORE+ENGRAVE,none,generated/svg/french-cleat/tc-cleat-module-face-100x200mm.svg,generated/previews/french-cleat/tc-cleat-module-face-100x200mm.svg,CC-BY-SA-4.0,none,original-generic,unverified
tc-cleat-module-face-150x150mm,French-cleat module face 150 × 150 mm,french-cleat,module-faces,general,modular organization,introductory,150 × 150 mm,CUT+SCORE+ENGRAVE,none,generated/svg/french-cleat/tc-cleat-module-face-150x150mm.svg,generated/previews/french-cleat/tc-cleat-module-face-150x150mm.svg,CC-BY-SA-4.0,none,original-generic,unverified
tc-cleat-module-face-150x200mm,French-cleat module face 150 × 200 mm,french-cleat,module-faces,general,modular organization,introductory,150 × 200 mm,CUT+SCORE+ENGRAVE,none,generated/svg/french-cleat/tc-cleat-module-face-150x200mm.svg,generated/previews/french-cleat/tc-cleat-module-face-150x200mm.svg,CC-BY-SA-4.0,none,original-generic,unverified
tc-cleat-module-face-150x300mm,French-cleat module face 150 × 300 mm,french-cleat,module-faces,general,modular organization,introductory,150 × 300 mm,CUT+SCORE+ENGRAVE,none,generated/svg/french-cleat/tc-cleat-module-face-150x300mm.svg,generated/previews/french-cleat/tc-cleat-module-face-150x300mm.svg,CC-BY-SA-4.0,none,original-generic,unverified
tc-cleat-module-face-200x200mm,French-cleat module face 200 × 200 mm,french-cleat,module-faces,general,modular organization,introductory,200 × 200 mm,CUT+SCORE+ENGRAVE,none,generated/svg/french-cleat/tc-cleat-module-face-200x200mm.svg,generated/previews/french-cleat/tc-cleat-module-face-200x200mm.svg,CC-BY-SA-4.0,none,original-generic,unverified
tc-cleat-module-face-200x300mm,French-cleat module face 200 × 300 mm,french-cleat,module-faces,general,modular organization,introductory,200 × 300 mm,CUT+SCORE+ENGRAVE,none,generated/svg/french-cleat/tc-cleat-module-face-200x300mm.svg,generated/previews/french-cleat/tc-cleat-module-face-200x300mm.svg,CC-BY-SA-4.0,none,original-generic,unverified
tc-cleat-module-face-300x300mm,French-cleat module face 300 × 300 mm,french-cleat,module-faces,general,modular organization,introductory,300 × 300 mm,CUT+SCORE+ENGRAVE,none,generated/svg/french-cleat/tc-cleat-module-face-300x300mm.svg,generated/previews/french-cleat/tc-cleat-module-face-300x300mm.svg,CC-BY-SA-4.0,none,original-generic,unverified
tc-cleat-module-face-300x450mm,French-cleat module face 300 × 450 mm,french-cleat,module-faces,general,modular organization,introductory,300 × 450 mm,CUT+SCORE+ENGRAVE,none,generated/svg/french-cleat/tc-cleat-module-face-300x450mm.svg,generated/previews/french-cleat/tc-cleat-module-face-300x450mm.svg,CC-BY-SA-4.0,none,original-generic,unverified
tc-cleat-module-face-450x300mm,French-cleat module face 450 × 300 mm,french-cleat,module-faces,general,modular organization,introductory,450 × 300 mm,CUT+SCORE+ENGRAVE,none,generated/svg/french-cleat/tc-cleat-module-face-450x300mm.svg,generated/previews/french-cleat/tc-cleat-module-face-450x300mm.svg,CC-BY-SA-4.0,none,original-generic,unverified
tc-cleat-pegboard-adapter,Pegboard-to-cleat concept plate,french-cleat,interfaces-accessories,general,modular organization,intermediate,200 × 100 mm,CUT,none,generated/svg/french-cleat/tc-cleat-pegboard-adapter.svg,generated/previews/french-cleat/tc-cleat-pegboard-adapter.svg,CC-BY-SA-4.0,none,original-generic,unverified
tc-disc-0p125in,0.125 in (3.175 mm) circle,core-geometry,circles,general,none,introductory,13.175 × 13.175 mm,CUT,none,generated/svg/core-geometry/tc-disc-0p125in.svg,generated/previews/core-geometry/tc-disc-0p125in.svg,CC-BY-SA-4.0,none,original-generic,unverified
tc-disc-0p1875in,0.1875 in (4.7625 mm) circle,core-geometry,circles,general,none,introductory,14.7625 × 14.7625 mm,CUT,none,generated/svg/core-geometry/tc-disc-0p1875in.svg,generated/previews/core-geometry/tc-disc-0p1875in.svg,CC-BY-SA-4.0,none,original-generic,unverified
tc-disc-0p25in,0.25 in (6.35 mm) circle,core-geometry,circles,general,none,introductory,16.35 × 16.35 mm,CUT,none,generated/svg/core-geometry/tc-disc-0p25in.svg,generated/previews/core-geometry/tc-disc-0p25in.svg,CC-BY-SA-4.0,none,original-generic,unverified
tc-disc-0p3125in,0.3125 in (7.9375 mm) circle,core-geometry,circles,general,none,introductory,17.9375 × 17.9375 mm,CUT,none,generated/svg/core-geometry/tc-disc-0p3125in.svg,generated/previews/core-geometry/tc-disc-0p3125in.svg,CC-BY-SA-4.0,none,original-generic,unverified
tc-disc-0p375in,0.375 in (9.525 mm) circle,core-geometry,circles,general,none,introductory,19.525 × 19.525 mm,CUT,none,generated/svg/core-geometry/tc-disc-0p375in.svg,generated/previews/core-geometry/tc-disc-0p375in.svg,CC-BY-SA-4.0,none,original-generic,unverified
tc-disc-0p5in,0.5 in (12.7 mm) circle,core-geometry,circles,general,none,introductory,22.7 × 22.7 mm,CUT,none,generated/svg/core-geometry/tc-disc-0p5in.svg,generated/previews/core-geometry/tc-disc-0p5in.svg,CC-BY-SA-4.0,none,original-generic,unverified
tc-disc-0p75in,0.75 in (19.05 mm) circle,core-geometry,circles,general,none,introductory,29.05 × 29.05 mm,CUT,none,generated/svg/core-geometry/tc-disc-0p75in.svg,generated/previews/core-geometry/tc-disc-0p75in.svg,CC-BY-SA-4.0,none,original-generic,unverified
tc-disc-100mm,100 mm circle,core-geometry,circles,general,none,introductory,110.0 × 110.0 mm,CUT,none,generated/svg/core-geometry/tc-disc-100mm.svg,generated/previews/core-geometry/tc-disc-100mm.svg,CC-BY-SA-4.0,none,original-generic,unverified
tc-disc-10mm,10 mm circle,core-geometry,circles,general,none,introductory,20.0 × 20.0 mm,CUT,none,generated/svg/core-geometry/tc-disc-10mm.svg,generated/previews/core-geometry/tc-disc-10mm.svg,CC-BY-SA-4.0,none,original-generic,unverified
tc-disc-12mm,12 mm circle,core-geometry,circles,general,none,introductory,22.0 × 22.0 mm,CUT,none,generated/svg/core-geometry/tc-disc-12mm.svg,generated/previews/core-geometry/tc-disc-12mm.svg,CC-BY-SA-4.0,none,original-generic,unverified
tc-disc-16mm,16 mm circle,core-geometry,circles,general,none,introductory,26.0 × 26.0 mm,CUT,none,generated/svg/core-geometry/tc-disc-16mm.svg,generated/previews/core-geometry/tc-disc-16mm.svg,CC-BY-SA-4.0,none,original-generic,unverified
tc-disc-1in,1 in (25.4 mm) circle,core-geometry,circles,general,none,introductory,35.4 × 35.4 mm,CUT,none,generated/svg/core-geometry/tc-disc-1in.svg,generated/previews/core-geometry/tc-disc-1in.svg,CC-BY-SA-4.0,none,original-generic,unverified
tc-disc-1p5in,1.5 in (38.1 mm) circle,core-geometry,circles,general,none,introductory,48.1 × 48.1 mm,CUT,none,generated/svg/core-geometry/tc-disc-1p5in.svg,generated/previews/core-geometry/tc-disc-1p5in.svg,CC-BY-SA-4.0,none,original-generic,unverified
tc-disc-20mm,20 mm circle,core-geometry,circles,general,none,introductory,30.0 × 30.0 mm,CUT,none,generated/svg/core-geometry/tc-disc-20mm.svg,generated/previews/core-geometry/tc-disc-20mm.svg,CC-BY-SA-4.0,none,original-generic,unverified
tc-disc-25mm,25 mm circle,core-geometry,circles,general,none,introductory,35.0 × 35.0 mm,CUT,none,generated/svg/core-geometry/tc-disc-25mm.svg,generated/previews/core-geometry/tc-disc-25mm.svg,CC-BY-SA-4.0,none,original-generic,unverified
tc-disc-2in,2 in (50.8 mm) circle,core-geometry,circles,general,none,introductory,60.8 × 60.8 mm,CUT,none,generated/svg/core-geometry/tc-disc-2in.svg,generated/previews/core-geometry/tc-disc-2in.svg,CC-BY-SA-4.0,none,original-generic,unverified
tc-disc-30mm,30 mm circle,core-geometry,circles,general,none,introductory,40.0 × 40.0 mm,CUT,none,generated/svg/core-geometry/tc-disc-30mm.svg,generated/previews/core-geometry/tc-disc-30mm.svg,CC-BY-SA-4.0,none,original-generic,unverified
tc-disc-3in,3 in (76.2 mm) circle,core-geometry,circles,general,none,introductory,86.2 × 86.2 mm,CUT,none,generated/svg/core-geometry/tc-disc-3in.svg,generated/previews/core-geometry/tc-disc-3in.svg,CC-BY-SA-4.0,none,original-generic,unverified
tc-disc-3mm,3 mm circle,core-geometry,circles,general,none,introductory,13.0 × 13.0 mm,CUT,none,generated/svg/core-geometry/tc-disc-3mm.svg,generated/previews/core-geometry/tc-disc-3mm.svg,CC-BY-SA-4.0,none,original-generic,unverified
tc-disc-40mm,40 mm circle,core-geometry,circles,general,none,introductory,50.0 × 50.0 mm,CUT,none,generated/svg/core-geometry/tc-disc-40mm.svg,generated/previews/core-geometry/tc-disc-40mm.svg,CC-BY-SA-4.0,none,original-generic,unverified
tc-disc-4in,4 in (101.6 mm) circle,core-geometry,circles,general,none,introductory,111.6 × 111.6 mm,CUT,none,generated/svg/core-geometry/tc-disc-4in.svg,generated/previews/core-geometry/tc-disc-4in.svg,CC-BY-SA-4.0,none,original-generic,unverified
tc-disc-4mm,4 mm circle,core-geometry,circles,general,none,introductory,14.0 × 14.0 mm,CUT,none,generated/svg/core-geometry/tc-disc-4mm.svg,generated/previews/core-geometry/tc-disc-4mm.svg,CC-BY-SA-4.0,none,original-generic,unverified
tc-disc-50mm,50 mm circle,core-geometry,circles,general,none,introductory,60.0 × 60.0 mm,CUT,none,generated/svg/core-geometry/tc-disc-50mm.svg,generated/previews/core-geometry/tc-disc-50mm.svg,CC-BY-SA-4.0,none,original-generic,unverified
tc-disc-5mm,5 mm circle,core-geometry,circles,general,none,introductory,15.0 × 15.0 mm,CUT,none,generated/svg/core-geometry/tc-disc-5mm.svg,generated/previews/core-geometry/tc-disc-5mm.svg,CC-BY-SA-4.0,none,original-generic,unverified
tc-disc-6mm,6 mm circle,core-geometry,circles,general,none,introductory,16.0 × 16.0 mm,CUT,none,generated/svg/core-geometry/tc-disc-6mm.svg,generated/previews/core-geometry/tc-disc-6mm.svg,CC-BY-SA-4.0,none,original-generic,unverified
tc-disc-75mm,75 mm circle,core-geometry,circles,general,none,introductory,85.0 × 85.0 mm,CUT,none,generated/svg/core-geometry/tc-disc-75mm.svg,generated/previews/core-geometry/tc-disc-75mm.svg,CC-BY-SA-4.0,none,original-generic,unverified
tc-disc-8mm,8 mm circle,core-geometry,circles,general,none,introductory,18.0 × 18.0 mm,CUT,none,generated/svg/core-geometry/tc-disc-8mm.svg,generated/previews/core-geometry/tc-disc-8mm.svg,CC-BY-SA-4.0,none,original-generic,unverified
tc-ellipse-80x50mm,80 × 50 mm ellipse,core-geometry,ellipses,general,none,introductory,90 × 60 mm,CUT,none,generated/svg/core-geometry/tc-ellipse-80x50mm.svg,generated/previews/core-geometry/tc-ellipse-80x50mm.svg,CC-BY-SA-4.0,none,original-generic,unverified
tc-frame-100x100mm,100 × 100 mm frame,core-geometry,frames,general,none,introductory,100 × 100 mm,CUT,none,generated/svg/core-geometry/tc-frame-100x100mm.svg,generated/previews/core-geometry/tc-frame-100x100mm.svg,CC-BY-SA-4.0,none,original-generic,unverified
tc-frame-100x200mm,100 × 200 mm frame,core-geometry,frames,general,none,introductory,100 × 200 mm,CUT,none,generated/svg/core-geometry/tc-frame-100x200mm.svg,generated/previews/core-geometry/tc-frame-100x200mm.svg,CC-BY-SA-4.0,none,original-generic,unverified
tc-frame-100x50mm,100 × 50 mm frame,core-geometry,frames,general,none,introductory,100 × 50 mm,CUT,none,generated/svg/core-geometry/tc-frame-100x50mm.svg,generated/previews/core-geometry/tc-frame-100x50mm.svg,CC-BY-SA-4.0,none,original-generic,unverified
tc-frame-100x75mm,100 × 75 mm frame,core-geometry,frames,general,none,introductory,100 × 75 mm,CUT,none,generated/svg/core-geometry/tc-frame-100x75mm.svg,generated/previews/core-geometry/tc-frame-100x75mm.svg,CC-BY-SA-4.0,none,original-generic,unverified
tc-frame-150x100mm,150 × 100 mm frame,core-geometry,frames,general,none,introductory,150 × 100 mm,CUT,none,generated/svg/core-geometry/tc-frame-150x100mm.svg,generated/previews/core-geometry/tc-frame-150x100mm.svg,CC-BY-SA-4.0,none,original-generic,unverified
tc-frame-200x100mm,200 × 100 mm frame,core-geometry,frames,general,none,introductory,200 × 100 mm,CUT,none,generated/svg/core-geometry/tc-frame-200x100mm.svg,generated/previews/core-geometry/tc-frame-200x100mm.svg,CC-BY-SA-4.0,none,original-generic,unverified
tc-frame-200x150mm,200 × 150 mm frame,core-geometry,frames,general,none,introductory,200 × 150 mm,CUT,none,generated/svg/core-geometry/tc-frame-200x150mm.svg,generated/previews/core-geometry/tc-frame-200x150mm.svg,CC-BY-SA-4.0,none,original-generic,unverified
tc-frame-50x50mm,50 × 50 mm frame,core-geometry,frames,general,none,introductory,50 × 50 mm,CUT,none,generated/svg/core-geometry/tc-frame-50x50mm.svg,generated/previews/core-geometry/tc-frame-50x50mm.svg,CC-BY-SA-4.0,none,original-generic,unverified
tc-frame-75x50mm,75 × 50 mm frame,core-geometry,frames,general,none,introductory,75 × 50 mm,CUT,none,generated/svg/core-geometry/tc-frame-75x50mm.svg,generated/previews/core-geometry/tc-frame-75x50mm.svg,CC-BY-SA-4.0,none,original-generic,unverified
tc-gusset-right-75mm,75 mm right-triangle gusset,core-geometry,gussets,general,none,introductory,80 × 80 mm,CUT,none,generated/svg/core-geometry/tc-gusset-right-75mm.svg,generated/previews/core-geometry/tc-gusset-right-75mm.svg,CC-BY-SA-4.0,none,original-generic,unverified
tc-holder-brush-rack,Glue-brush rack,tool-holders,hole-array,wood,brush-rack,intermediate,176.0 × 80 mm,CUT+ENGRAVE,none,generated/svg/tool-holders/tc-holder-brush-rack.svg,generated/previews/tool-holders/tc-holder-brush-rack.svg,CC-BY-SA-4.0,none,original-generic,unverified
tc-holder-cable-comb,Cable comb,tool-holders,slot-comb,electronics,cable-comb,intermediate,162.0 × 80 mm,CUT+ENGRAVE,none,generated/svg/tool-holders/tc-holder-cable-comb.svg,generated/previews/tool-holders/tc-holder-cable-comb.svg,CC-BY-SA-4.0,none,original-generic,unverified
tc-holder-chisel-rack,Chisel rack,tool-holders,slot-comb,wood,chisel-rack,intermediate,194.0 × 80 mm,CUT+ENGRAVE,none,generated/svg/tool-holders/tc-holder-chisel-rack.svg,generated/previews/tool-holders/tc-holder-chisel-rack.svg,CC-BY-SA-4.0,none,original-generic,unverified
tc-holder-collet-rack,Collet rack,tool-holders,hole-array,machine,collet-rack,intermediate,246.0 × 80 mm,CUT+ENGRAVE,none,generated/svg/tool-holders/tc-holder-collet-rack.svg,generated/previews/tool-holders/tc-holder-collet-rack.svg,CC-BY-SA-4.0,none,original-generic,unverified
tc-holder-drill-bit-rack,Drill-bit rack,tool-holders,hole-array,machine,drill-bit-rack,intermediate,180.0 × 80 mm,CUT+ENGRAVE,none,generated/svg/tool-holders/tc-holder-drill-bit-rack.svg,generated/previews/tool-holders/tc-holder-drill-bit-rack.svg,CC-BY-SA-4.0,none,original-generic,unverified
tc-holder-end-mill-rack,End-mill rack,tool-holders,hole-array,machine,end-mill-rack,intermediate,202.0 × 80 mm,CUT+ENGRAVE,none,generated/svg/tool-holders/tc-holder-end-mill-rack.svg,generated/previews/tool-holders/tc-holder-end-mill-rack.svg,CC-BY-SA-4.0,none,original-generic,unverified
tc-holder-file-rack,File and rasp rack,tool-holders,slot-comb,wood,file-rack,intermediate,210.0 × 80 mm,CUT+ENGRAVE,none,generated/svg/tool-holders/tc-holder-file-rack.svg,generated/previews/tool-holders/tc-holder-file-rack.svg,CC-BY-SA-4.0,none,original-generic,unverified
tc-holder-hex-key-rack,Hex-key rack,tool-holders,hole-array,machine,hex-key-rack,intermediate,143.0 × 80 mm,CUT+ENGRAVE,none,generated/svg/tool-holders/tc-holder-hex-key-rack.svg,generated/previews/tool-holders/tc-holder-hex-key-rack.svg,CC-BY-SA-4.0,none,original-generic,unverified
tc-holder-marker-rack,Marker and pencil rack,tool-holders,hole-array,general,marker-rack,intermediate,239.0 × 80 mm,CUT+ENGRAVE,none,generated/svg/tool-holders/tc-holder-marker-rack.svg,generated/previews/tool-holders/tc-holder-marker-rack.svg,CC-BY-SA-4.0,none,original-generic,unverified
tc-holder-plier-rack,Pliers rack,tool-holders,slot-comb,auto,plier-rack,intermediate,182.0 × 80 mm,CUT+ENGRAVE,none,generated/svg/tool-holders/tc-holder-plier-rack.svg,generated/previews/tool-holders/tc-holder-plier-rack.svg,CC-BY-SA-4.0,none,original-generic,unverified
tc-holder-pneumatic-fitting-rack,Pneumatic fitting rack,tool-holders,hole-array,auto,pneumatic-fitting-rack,intermediate,197.0 × 80 mm,CUT+ENGRAVE,none,generated/svg/tool-holders/tc-holder-pneumatic-fitting-rack.svg,generated/previews/tool-holders/tc-holder-pneumatic-fitting-rack.svg,CC-BY-SA-4.0,none,original-generic,unverified
tc-holder-precision-driver-rack,Precision-driver rack,tool-holders,hole-array,electronics,precision-driver-rack,intermediate,191.0 × 80 mm,CUT+ENGRAVE,none,generated/svg/tool-holders/tc-holder-precision-driver-rack.svg,generated/previews/tool-holders/tc-holder-precision-driver-rack.svg,CC-BY-SA-4.0,none,original-generic,unverified
tc-holder-screwdriver-rack,Screwdriver rack,tool-holders,hole-array,general,screwdriver-rack,intermediate,210.0 × 80 mm,CUT+ENGRAVE,none,generated/svg/tool-holders/tc-holder-screwdriver-rack.svg,generated/previews/tool-holders/tc-holder-screwdriver-rack.svg,CC-BY-SA-4.0,none,original-generic,unverified
tc-holder-socket-rack,Socket rack,tool-holders,hole-array,auto,socket-rack,intermediate,282.0 × 80 mm,CUT+ENGRAVE,none,generated/svg/tool-holders/tc-holder-socket-rack.svg,generated/previews/tool-holders/tc-holder-socket-rack.svg,CC-BY-SA-4.0,none,original-generic,unverified
tc-holder-solder-spool-rack,Solder-spool rack,tool-holders,hole-array,electronics,solder-spool-rack,intermediate,140.0 × 80 mm,CUT+ENGRAVE,none,generated/svg/tool-holders/tc-holder-solder-spool-rack.svg,generated/previews/tool-holders/tc-holder-solder-spool-rack.svg,CC-BY-SA-4.0,none,original-generic,unverified
tc-holder-test-lead-comb,Test-lead comb,tool-holders,slot-comb,electronics,test-lead-comb,intermediate,149.0 × 80 mm,CUT+ENGRAVE,none,generated/svg/tool-holders/tc-holder-test-lead-comb.svg,generated/previews/tool-holders/tc-holder-test-lead-comb.svg,CC-BY-SA-4.0,none,original-generic,unverified
tc-holder-tweezer-rack,Tweezer rack,tool-holders,slot-comb,electronics,tweezer-rack,intermediate,119.0 × 80 mm,CUT+ENGRAVE,none,generated/svg/tool-holders/tc-holder-tweezer-rack.svg,generated/previews/tool-holders/tc-holder-tweezer-rack.svg,CC-BY-SA-4.0,none,original-generic,unverified
tc-holder-wrench-rack,Wrench rack,tool-holders,slot-comb,auto,wrench-rack,intermediate,200.0 × 80 mm,CUT+ENGRAVE,none,generated/svg/tool-holders/tc-holder-wrench-rack.svg,generated/previews/tool-holders/tc-holder-wrench-rack.svg,CC-BY-SA-4.0,none,original-generic,unverified
tc-hole-0p125in,0.125 in (3.175 mm) circular hole,core-geometry,circular-holes,general,none,introductory,30 × 30 mm,CUT,none,generated/svg/core-geometry/tc-hole-0p125in.svg,generated/previews/core-geometry/tc-hole-0p125in.svg,CC-BY-SA-4.0,none,original-generic,unverified
tc-hole-0p1875in,0.1875 in (4.7625 mm) circular hole,core-geometry,circular-holes,general,none,introductory,30 × 30 mm,CUT,none,generated/svg/core-geometry/tc-hole-0p1875in.svg,generated/previews/core-geometry/tc-hole-0p1875in.svg,CC-BY-SA-4.0,none,original-generic,unverified
tc-hole-0p25in,0.25 in (6.35 mm) circular hole,core-geometry,circular-holes,general,none,introductory,30 × 30 mm,CUT,none,generated/svg/core-geometry/tc-hole-0p25in.svg,generated/previews/core-geometry/tc-hole-0p25in.svg,CC-BY-SA-4.0,none,original-generic,unverified
tc-hole-0p3125in,0.3125 in (7.9375 mm) circular hole,core-geometry,circular-holes,general,none,introductory,30 × 30 mm,CUT,none,generated/svg/core-geometry/tc-hole-0p3125in.svg,generated/previews/core-geometry/tc-hole-0p3125in.svg,CC-BY-SA-4.0,none,original-generic,unverified
tc-hole-0p375in,0.375 in (9.525 mm) circular hole,core-geometry,circular-holes,general,none,introductory,30 × 30 mm,CUT,none,generated/svg/core-geometry/tc-hole-0p375in.svg,generated/previews/core-geometry/tc-hole-0p375in.svg,CC-BY-SA-4.0,none,original-generic,unverified
tc-hole-0p5in,0.5 in (12.7 mm) circular hole,core-geometry,circular-holes,general,none,introductory,30 × 30 mm,CUT,none,generated/svg/core-geometry/tc-hole-0p5in.svg,generated/previews/core-geometry/tc-hole-0p5in.svg,CC-BY-SA-4.0,none,original-generic,unverified
tc-hole-0p75in,0.75 in (19.05 mm) circular hole,core-geometry,circular-holes,general,none,introductory,35.05 × 35.05 mm,CUT,none,generated/svg/core-geometry/tc-hole-0p75in.svg,generated/previews/core-geometry/tc-hole-0p75in.svg,CC-BY-SA-4.0,none,original-generic,unverified
tc-hole-100mm,100 mm circular hole,core-geometry,circular-holes,general,none,introductory,116.0 × 116.0 mm,CUT,none,generated/svg/core-geometry/tc-hole-100mm.svg,generated/previews/core-geometry/tc-hole-100mm.svg,CC-BY-SA-4.0,none,original-generic,unverified
tc-hole-10mm,10 mm circular hole,core-geometry,circular-holes,general,none,introductory,30 × 30 mm,CUT,none,generated/svg/core-geometry/tc-hole-10mm.svg,generated/previews/core-geometry/tc-hole-10mm.svg,CC-BY-SA-4.0,none,original-generic,unverified
tc-hole-12mm,12 mm circular hole,core-geometry,circular-holes,general,none,introductory,30 × 30 mm,CUT,none,generated/svg/core-geometry/tc-hole-12mm.svg,generated/previews/core-geometry/tc-hole-12mm.svg,CC-BY-SA-4.0,none,original-generic,unverified
tc-hole-16mm,16 mm circular hole,core-geometry,circular-holes,general,none,introductory,32.0 × 32.0 mm,CUT,none,generated/svg/core-geometry/tc-hole-16mm.svg,generated/previews/core-geometry/tc-hole-16mm.svg,CC-BY-SA-4.0,none,original-generic,unverified
tc-hole-1in,1 in (25.4 mm) circular hole,core-geometry,circular-holes,general,none,introductory,41.4 × 41.4 mm,CUT,none,generated/svg/core-geometry/tc-hole-1in.svg,generated/previews/core-geometry/tc-hole-1in.svg,CC-BY-SA-4.0,none,original-generic,unverified
tc-hole-1p5in,1.5 in (38.1 mm) circular hole,core-geometry,circular-holes,general,none,introductory,54.1 × 54.1 mm,CUT,none,generated/svg/core-geometry/tc-hole-1p5in.svg,generated/previews/core-geometry/tc-hole-1p5in.svg,CC-BY-SA-4.0,none,original-generic,unverified
tc-hole-20mm,20 mm circular hole,core-geometry,circular-holes,general,none,introductory,36.0 × 36.0 mm,CUT,none,generated/svg/core-geometry/tc-hole-20mm.svg,generated/previews/core-geometry/tc-hole-20mm.svg,CC-BY-SA-4.0,none,original-generic,unverified
tc-hole-25mm,25 mm circular hole,core-geometry,circular-holes,general,none,introductory,41.0 × 41.0 mm,CUT,none,generated/svg/core-geometry/tc-hole-25mm.svg,generated/previews/core-geometry/tc-hole-25mm.svg,CC-BY-SA-4.0,none,original-generic,unverified
tc-hole-2in,2 in (50.8 mm) circular hole,core-geometry,circular-holes,general,none,introductory,66.8 × 66.8 mm,CUT,none,generated/svg/core-geometry/tc-hole-2in.svg,generated/previews/core-geometry/tc-hole-2in.svg,CC-BY-SA-4.0,none,original-generic,unverified
tc-hole-30mm,30 mm circular hole,core-geometry,circular-holes,general,none,introductory,46.0 × 46.0 mm,CUT,none,generated/svg/core-geometry/tc-hole-30mm.svg,generated/previews/core-geometry/tc-hole-30mm.svg,CC-BY-SA-4.0,none,original-generic,unverified
tc-hole-3in,3 in (76.2 mm) circular hole,core-geometry,circular-holes,general,none,introductory,92.2 × 92.2 mm,CUT,none,generated/svg/core-geometry/tc-hole-3in.svg,generated/previews/core-geometry/tc-hole-3in.svg,CC-BY-SA-4.0,none,original-generic,unverified
tc-hole-3mm,3 mm circular hole,core-geometry,circular-holes,general,none,introductory,30 × 30 mm,CUT,none,generated/svg/core-geometry/tc-hole-3mm.svg,generated/previews/core-geometry/tc-hole-3mm.svg,CC-BY-SA-4.0,none,original-generic,unverified
tc-hole-40mm,40 mm circular hole,core-geometry,circular-holes,general,none,introductory,56.0 × 56.0 mm,CUT,none,generated/svg/core-geometry/tc-hole-40mm.svg,generated/previews/core-geometry/tc-hole-40mm.svg,CC-BY-SA-4.0,none,original-generic,unverified
tc-hole-4in,4 in (101.6 mm) circular hole,core-geometry,circular-holes,general,none,introductory,117.6 × 117.6 mm,CUT,none,generated/svg/core-geometry/tc-hole-4in.svg,generated/previews/core-geometry/tc-hole-4in.svg,CC-BY-SA-4.0,none,original-generic,unverified
tc-hole-4mm,4 mm circular hole,core-geometry,circular-holes,general,none,introductory,30 × 30 mm,CUT,none,generated/svg/core-geometry/tc-hole-4mm.svg,generated/previews/core-geometry/tc-hole-4mm.svg,CC-BY-SA-4.0,none,original-generic,unverified
tc-hole-50mm,50 mm circular hole,core-geometry,circular-holes,general,none,introductory,66.0 × 66.0 mm,CUT,none,generated/svg/core-geometry/tc-hole-50mm.svg,generated/previews/core-geometry/tc-hole-50mm.svg,CC-BY-SA-4.0,none,original-generic,unverified
tc-hole-5mm,5 mm circular hole,core-geometry,circular-holes,general,none,introductory,30 × 30 mm,CUT,none,generated/svg/core-geometry/tc-hole-5mm.svg,generated/previews/core-geometry/tc-hole-5mm.svg,CC-BY-SA-4.0,none,original-generic,unverified
tc-hole-6mm,6 mm circular hole,core-geometry,circular-holes,general,none,introductory,30 × 30 mm,CUT,none,generated/svg/core-geometry/tc-hole-6mm.svg,generated/previews/core-geometry/tc-hole-6mm.svg,CC-BY-SA-4.0,none,original-generic,unverified
tc-hole-75mm,75 mm circular hole,core-geometry,circular-holes,general,none,introductory,91.0 × 91.0 mm,CUT,none,generated/svg/core-geometry/tc-hole-75mm.svg,generated/previews/core-geometry/tc-hole-75mm.svg,CC-BY-SA-4.0,none,original-generic,unverified
tc-hole-8mm,8 mm circular hole,core-geometry,circular-holes,general,none,introductory,30 × 30 mm,CUT,none,generated/svg/core-geometry/tc-hole-8mm.svg,generated/previews/core-geometry/tc-hole-8mm.svg,CC-BY-SA-4.0,none,original-generic,unverified
tc-hook-utility-small,Small generic utility hook profile,core-geometry,hooks,general,none,intermediate,80 × 70 mm,CUT,none,generated/svg/core-geometry/tc-hook-utility-small.svg,generated/previews/core-geometry/tc-hook-utility-small.svg,CC-BY-SA-4.0,none,original-generic,unverified
tc-jig-angle-gauge,Angle gauge 15°–90°,jigs-gauges,angle-gauges,general,angle-gauges,introductory,180 × 80 mm,CUT+SCORE+ENGRAVE,none,generated/svg/jigs-gauges/tc-jig-angle-gauge.svg,generated/previews/jigs-gauges/tc-jig-angle-gauge.svg,CC-BY-SA-4.0,none,original-generic,unverified
tc-jig-cable-wire,Cable and wire gauge,jigs-gauges,cable-wire,general,cable-wire,introductory,180 × 80 mm,CUT+ENGRAVE,none,generated/svg/jigs-gauges/tc-jig-cable-wire.svg,generated/previews/jigs-gauges/tc-jig-cable-wire.svg,CC-BY-SA-4.0,none,original-generic,unverified
tc-jig-centering-template,Circle centering template,jigs-gauges,centering,general,centering,introductory,180 × 80 mm,CUT+ENGRAVE,none,generated/svg/jigs-gauges/tc-jig-centering-template.svg,generated/previews/jigs-gauges/tc-jig-centering-template.svg,CC-BY-SA-4.0,none,original-generic,unverified
tc-jig-drill-size,Drill-size gauge 3–12 mm,jigs-gauges,drill-size,general,drill-size,introductory,180 × 80 mm,CUT+ENGRAVE,none,generated/svg/jigs-gauges/tc-jig-drill-size.svg,generated/previews/jigs-gauges/tc-jig-drill-size.svg,CC-BY-SA-4.0,none,original-generic,unverified
tc-jig-drill-spacing,Drill spacing template 10–50 mm,jigs-gauges,drill-spacing,general,drill-spacing,introductory,180 × 80 mm,CUT+ENGRAVE,none,generated/svg/jigs-gauges/tc-jig-drill-spacing.svg,generated/previews/jigs-gauges/tc-jig-drill-spacing.svg,CC-BY-SA-4.0,none,original-generic,unverified
tc-jig-fastener-sizing,Metric fastener sizing board,jigs-gauges,fastener-sizing,general,fastener-sizing,introductory,180 × 80 mm,CUT+ENGRAVE,none,generated/svg/jigs-gauges/tc-jig-fastener-sizing.svg,generated/previews/jigs-gauges/tc-jig-fastener-sizing.svg,CC-BY-SA-4.0,none,original-generic,unverified
tc-jig-pcb-spacing,PCB spacing template 2.54 mm,jigs-gauges,pcb-spacing,general,pcb-spacing,introductory,180 × 80 mm,CUT+ENGRAVE,none,generated/svg/jigs-gauges/tc-jig-pcb-spacing.svg,generated/previews/jigs-gauges/tc-jig-pcb-spacing.svg,CC-BY-SA-4.0,none,original-generic,unverified
tc-jig-radius-gauge,Radius gauge R2–R20,jigs-gauges,radius-gauges,general,radius-gauges,introductory,180 × 80 mm,CUT+ENGRAVE,none,generated/svg/jigs-gauges/tc-jig-radius-gauge.svg,generated/previews/jigs-gauges/tc-jig-radius-gauge.svg,CC-BY-SA-4.0,none,original-generic,unverified
tc-jig-sanding-radius,Sanding-radius template,jigs-gauges,sanding-radius,general,sanding-radius,introductory,180 × 80 mm,CUT+ENGRAVE,none,generated/svg/jigs-gauges/tc-jig-sanding-radius.svg,generated/previews/jigs-gauges/tc-jig-sanding-radius.svg,CC-BY-SA-4.0,none,original-generic,unverified
tc-jig-screw-length,Screw length gauge,jigs-gauges,screw-length,general,screw-length,introductory,180 × 80 mm,CUT+ENGRAVE,none,generated/svg/jigs-gauges/tc-jig-screw-length.svg,generated/previews/jigs-gauges/tc-jig-screw-length.svg,CC-BY-SA-4.0,none,original-generic,unverified
tc-jig-setup-block,Setup block 10–50 mm,jigs-gauges,setup-blocks,general,setup-blocks,introductory,180 × 80 mm,CUT+ENGRAVE,none,generated/svg/jigs-gauges/tc-jig-setup-block.svg,generated/previews/jigs-gauges/tc-jig-setup-block.svg,CC-BY-SA-4.0,none,original-generic,unverified
tc-jig-wrench-size,Wrench-size gauge 6–19 mm,jigs-gauges,wrench-size,general,wrench-size,introductory,180 × 80 mm,CUT+ENGRAVE,none,generated/svg/jigs-gauges/tc-jig-wrench-size.svg,generated/previews/jigs-gauges/tc-jig-wrench-size.svg,CC-BY-SA-4.0,none,original-generic,unverified
tc-keyhole-12x24mm,12 × 24 mm keyhole,core-geometry,keyholes,general,none,introductory,45 × 45 mm,CUT,none,generated/svg/core-geometry/tc-keyhole-12x24mm.svg,generated/previews/core-geometry/tc-keyhole-12x24mm.svg,CC-BY-SA-4.0,none,original-generic,unverified
tc-label-plate-100x30mm,100 × 30 mm label plate,core-geometry,label-plates,general,none,introductory,100 × 30 mm,CUT+SCORE+ENGRAVE,none,generated/svg/core-geometry/tc-label-plate-100x30mm.svg,generated/previews/core-geometry/tc-label-plate-100x30mm.svg,CC-BY-SA-4.0,none,original-generic,unverified
tc-mount-fan-120mm,Fan 120Mm,core-geometry,mounting-patterns,electronics,mounting,introductory,125.0 × 125.0 mm,CUT,none,generated/svg/core-geometry/tc-mount-fan-120mm.svg,generated/previews/core-geometry/tc-mount-fan-120mm.svg,CC-BY-SA-4.0,none,original-generic,unverified
tc-mount-fan-40mm,Fan 40Mm,core-geometry,mounting-patterns,electronics,mounting,introductory,52.0 × 52.0 mm,CUT,none,generated/svg/core-geometry/tc-mount-fan-40mm.svg,generated/previews/core-geometry/tc-mount-fan-40mm.svg,CC-BY-SA-4.0,none,original-generic,unverified
tc-mount-fan-80mm,Fan 80Mm,core-geometry,mounting-patterns,electronics,mounting,introductory,91.5 × 91.5 mm,CUT,none,generated/svg/core-geometry/tc-mount-fan-80mm.svg,generated/previews/core-geometry/tc-mount-fan-80mm.svg,CC-BY-SA-4.0,none,original-generic,unverified
tc-mount-m3-four-hole,M3 Four Hole,core-geometry,mounting-patterns,general,mounting,introductory,60.0 × 50.0 mm,CUT,none,generated/svg/core-geometry/tc-mount-m3-four-hole.svg,generated/previews/core-geometry/tc-mount-m3-four-hole.svg,CC-BY-SA-4.0,none,original-generic,unverified
tc-mount-m4-four-hole,M4 Four Hole,core-geometry,mounting-patterns,general,mounting,introductory,80.0 × 60.0 mm,CUT,none,generated/svg/core-geometry/tc-mount-m4-four-hole.svg,generated/previews/core-geometry/tc-mount-m4-four-hole.svg,CC-BY-SA-4.0,none,original-generic,unverified
tc-mount-m5-four-hole,M5 Four Hole,core-geometry,mounting-patterns,general,mounting,introductory,100.0 × 70.0 mm,CUT,none,generated/svg/core-geometry/tc-mount-m5-four-hole.svg,generated/previews/core-geometry/tc-mount-m5-four-hole.svg,CC-BY-SA-4.0,none,original-generic,unverified
tc-organizer-auto-1-2-drive-sockets,1/2 Drive Sockets organization starter,tool-holders,hole-array,auto,1-2-drive-sockets,intermediate,150 × 100 mm,CUT+ENGRAVE,none,generated/svg/tool-holders/tc-organizer-auto-1-2-drive-sockets.svg,generated/previews/tool-holders/tc-organizer-auto-1-2-drive-sockets.svg,CC-BY-SA-4.0,none,original-generic,unverified
tc-organizer-auto-1-4-drive-sockets,1/4 Drive Sockets organization starter,tool-holders,hole-array,auto,1-4-drive-sockets,intermediate,150 × 100 mm,CUT+ENGRAVE,none,generated/svg/tool-holders/tc-organizer-auto-1-4-drive-sockets.svg,generated/previews/tool-holders/tc-organizer-auto-1-4-drive-sockets.svg,CC-BY-SA-4.0,none,original-generic,unverified
tc-organizer-auto-3-8-drive-sockets,3/8 Drive Sockets organization starter,tool-holders,hole-array,auto,3-8-drive-sockets,intermediate,150 × 100 mm,CUT+ENGRAVE,none,generated/svg/tool-holders/tc-organizer-auto-3-8-drive-sockets.svg,generated/previews/tool-holders/tc-organizer-auto-3-8-drive-sockets.svg,CC-BY-SA-4.0,none,original-generic,unverified
tc-organizer-auto-air-tools,Air Tools organization starter,tool-holders,tray-starter,auto,air-tools,intermediate,150 × 100 mm,CUT+ENGRAVE+SCORE,none,generated/svg/tool-holders/tc-organizer-auto-air-tools.svg,generated/previews/tool-holders/tc-organizer-auto-air-tools.svg,CC-BY-SA-4.0,none,original-generic,unverified
tc-organizer-auto-battery-tools,Battery Tools organization starter,tool-holders,tray-starter,auto,battery-tools,intermediate,150 × 100 mm,CUT+ENGRAVE+SCORE,none,generated/svg/tool-holders/tc-organizer-auto-battery-tools.svg,generated/previews/tool-holders/tc-organizer-auto-battery-tools.svg,CC-BY-SA-4.0,none,original-generic,unverified
tc-organizer-auto-brake-tools,Brake Tools organization starter,tool-holders,tray-starter,auto,brake-tools,intermediate,150 × 100 mm,CUT+ENGRAVE+SCORE,none,generated/svg/tool-holders/tc-organizer-auto-brake-tools.svg,generated/previews/tool-holders/tc-organizer-auto-brake-tools.svg,CC-BY-SA-4.0,none,original-generic,unverified
tc-organizer-auto-combination-wrenches,Combination Wrenches organization starter,tool-holders,slot-comb,auto,combination-wrenches,intermediate,150 × 100 mm,CUT+ENGRAVE,none,generated/svg/tool-holders/tc-organizer-auto-combination-wrenches.svg,generated/previews/tool-holders/tc-organizer-auto-combination-wrenches.svg,CC-BY-SA-4.0,none,original-generic,unverified
tc-organizer-auto-deep-sockets,Deep Sockets organization starter,tool-holders,hole-array,auto,deep-sockets,intermediate,150 × 100 mm,CUT+ENGRAVE,none,generated/svg/tool-holders/tc-organizer-auto-deep-sockets.svg,generated/previews/tool-holders/tc-organizer-auto-deep-sockets.svg,CC-BY-SA-4.0,none,original-generic,unverified
tc-organizer-auto-electrical-testers,Electrical Testers organization starter,tool-holders,tray-starter,auto,electrical-testers,intermediate,150 × 100 mm,CUT+ENGRAVE+SCORE,none,generated/svg/tool-holders/tc-organizer-auto-electrical-testers.svg,generated/previews/tool-holders/tc-organizer-auto-electrical-testers.svg,CC-BY-SA-4.0,none,original-generic,unverified
tc-organizer-auto-extensions,Extensions organization starter,tool-holders,tray-starter,auto,extensions,intermediate,150 × 100 mm,CUT+ENGRAVE+SCORE,none,generated/svg/tool-holders/tc-organizer-auto-extensions.svg,generated/previews/tool-holders/tc-organizer-auto-extensions.svg,CC-BY-SA-4.0,none,original-generic,unverified
tc-organizer-auto-funnels,Funnels organization starter,tool-holders,tray-starter,auto,funnels,intermediate,150 × 100 mm,CUT+ENGRAVE+SCORE,none,generated/svg/tool-holders/tc-organizer-auto-funnels.svg,generated/previews/tool-holders/tc-organizer-auto-funnels.svg,CC-BY-SA-4.0,none,original-generic,unverified
tc-organizer-auto-impact-sockets,Impact Sockets organization starter,tool-holders,hole-array,auto,impact-sockets,intermediate,150 × 100 mm,CUT+ENGRAVE,none,generated/svg/tool-holders/tc-organizer-auto-impact-sockets.svg,generated/previews/tool-holders/tc-organizer-auto-impact-sockets.svg,CC-BY-SA-4.0,none,original-generic,unverified
tc-organizer-auto-jumper-cables,Jumper Cables organization starter,tool-holders,slot-comb,auto,jumper-cables,intermediate,150 × 100 mm,CUT+ENGRAVE,none,generated/svg/tool-holders/tc-organizer-auto-jumper-cables.svg,generated/previews/tool-holders/tc-organizer-auto-jumper-cables.svg,CC-BY-SA-4.0,none,original-generic,unverified
tc-organizer-auto-metric-socket-sets,Metric Socket Sets organization starter,tool-holders,hole-array,auto,metric-socket-sets,intermediate,150 × 100 mm,CUT+ENGRAVE,none,generated/svg/tool-holders/tc-organizer-auto-metric-socket-sets.svg,generated/previews/tool-holders/tc-organizer-auto-metric-socket-sets.svg,CC-BY-SA-4.0,none,original-generic,unverified
tc-organizer-auto-multimeters,Multimeters organization starter,tool-holders,tray-starter,auto,multimeters,intermediate,150 × 100 mm,CUT+ENGRAVE+SCORE,none,generated/svg/tool-holders/tc-organizer-auto-multimeters.svg,generated/previews/tool-holders/tc-organizer-auto-multimeters.svg,CC-BY-SA-4.0,none,original-generic,unverified
tc-organizer-auto-obd-scanners,OBD Scanners organization starter,tool-holders,tray-starter,auto,obd-scanners,intermediate,150 × 100 mm,CUT+ENGRAVE+SCORE,none,generated/svg/tool-holders/tc-organizer-auto-obd-scanners.svg,generated/previews/tool-holders/tc-organizer-auto-obd-scanners.svg,CC-BY-SA-4.0,none,original-generic,unverified
tc-organizer-auto-oil-service-tools,Oil-Service Tools organization starter,tool-holders,tray-starter,auto,oil-service-tools,intermediate,150 × 100 mm,CUT+ENGRAVE+SCORE,none,generated/svg/tool-holders/tc-organizer-auto-oil-service-tools.svg,generated/previews/tool-holders/tc-organizer-auto-oil-service-tools.svg,CC-BY-SA-4.0,none,original-generic,unverified
tc-organizer-auto-picks,Picks organization starter,tool-holders,tray-starter,auto,picks,intermediate,150 × 100 mm,CUT+ENGRAVE+SCORE,none,generated/svg/tool-holders/tc-organizer-auto-picks.svg,generated/previews/tool-holders/tc-organizer-auto-picks.svg,CC-BY-SA-4.0,none,original-generic,unverified
tc-organizer-auto-pliers,Pliers organization starter,tool-holders,slot-comb,auto,pliers,intermediate,150 × 100 mm,CUT+ENGRAVE,none,generated/svg/tool-holders/tc-organizer-auto-pliers.svg,generated/previews/tool-holders/tc-organizer-auto-pliers.svg,CC-BY-SA-4.0,none,original-generic,unverified
tc-organizer-auto-pneumatic-fittings,Pneumatic Fittings organization starter,tool-holders,tray-starter,auto,pneumatic-fittings,intermediate,150 × 100 mm,CUT+ENGRAVE+SCORE,none,generated/svg/tool-holders/tc-organizer-auto-pneumatic-fittings.svg,generated/previews/tool-holders/tc-organizer-auto-pneumatic-fittings.svg,CC-BY-SA-4.0,none,original-generic,unverified
tc-organizer-auto-pry-bars,Pry Bars organization starter,tool-holders,tray-starter,auto,pry-bars,intermediate,150 × 100 mm,CUT+ENGRAVE+SCORE,none,generated/svg/tool-holders/tc-organizer-auto-pry-bars.svg,generated/previews/tool-holders/tc-organizer-auto-pry-bars.svg,CC-BY-SA-4.0,none,original-generic,unverified
tc-organizer-auto-ratchets,Ratchets organization starter,tool-holders,tray-starter,auto,ratchets,intermediate,150 × 100 mm,CUT+ENGRAVE+SCORE,none,generated/svg/tool-holders/tc-organizer-auto-ratchets.svg,generated/previews/tool-holders/tc-organizer-auto-ratchets.svg,CC-BY-SA-4.0,none,original-generic,unverified
tc-organizer-auto-sae-socket-sets,SAE Socket Sets organization starter,tool-holders,hole-array,auto,sae-socket-sets,intermediate,150 × 100 mm,CUT+ENGRAVE,none,generated/svg/tool-holders/tc-organizer-auto-sae-socket-sets.svg,generated/previews/tool-holders/tc-organizer-auto-sae-socket-sets.svg,CC-BY-SA-4.0,none,original-generic,unverified
tc-organizer-auto-screwdrivers,Screwdrivers organization starter,tool-holders,hole-array,auto,screwdrivers,intermediate,150 × 100 mm,CUT+ENGRAVE,none,generated/svg/tool-holders/tc-organizer-auto-screwdrivers.svg,generated/previews/tool-holders/tc-organizer-auto-screwdrivers.svg,CC-BY-SA-4.0,none,original-generic,unverified
tc-organizer-auto-tire-and-valve-tools,Tire And Valve Tools organization starter,tool-holders,tray-starter,auto,tire-and-valve-tools,intermediate,150 × 100 mm,CUT+ENGRAVE+SCORE,none,generated/svg/tool-holders/tc-organizer-auto-tire-and-valve-tools.svg,generated/previews/tool-holders/tc-organizer-auto-tire-and-valve-tools.svg,CC-BY-SA-4.0,none,original-generic,unverified
tc-organizer-auto-torque-wrenches,Torque Wrenches organization starter,tool-holders,slot-comb,auto,torque-wrenches,intermediate,150 × 100 mm,CUT+ENGRAVE,none,generated/svg/tool-holders/tc-organizer-auto-torque-wrenches.svg,generated/previews/tool-holders/tc-organizer-auto-torque-wrenches.svg,CC-BY-SA-4.0,none,original-generic,unverified
tc-organizer-auto-trim-tools,Trim Tools organization starter,tool-holders,tray-starter,auto,trim-tools,intermediate,150 × 100 mm,CUT+ENGRAVE+SCORE,none,generated/svg/tool-holders/tc-organizer-auto-trim-tools.svg,generated/previews/tool-holders/tc-organizer-auto-trim-tools.svg,CC-BY-SA-4.0,none,original-generic,unverified
tc-organizer-electronics-arduino-compatible-boards,Arduino-Compatible Boards organization starter,tool-holders,tray-starter,electronics,arduino-compatible-boards,intermediate,150 × 100 mm,CUT+ENGRAVE+SCORE,none,generated/svg/tool-holders/tc-organizer-electronics-arduino-compatible-boards.svg,generated/previews/tool-holders/tc-organizer-electronics-arduino-compatible-boards.svg,CC-BY-SA-4.0,none,original-generic,unverified
tc-organizer-electronics-breadboards,Breadboards organization starter,tool-holders,tray-starter,electronics,breadboards,intermediate,150 × 100 mm,CUT+ENGRAVE+SCORE,none,generated/svg/tool-holders/tc-organizer-electronics-breadboards.svg,generated/previews/tool-holders/tc-organizer-electronics-breadboards.svg,CC-BY-SA-4.0,none,original-generic,unverified
tc-organizer-electronics-capacitor-organization,Capacitor Organization organization starter,tool-holders,tray-starter,electronics,capacitor-organization,intermediate,150 × 100 mm,CUT+ENGRAVE+SCORE,none,generated/svg/tool-holders/tc-organizer-electronics-capacitor-organization.svg,generated/previews/tool-holders/tc-organizer-electronics-capacitor-organization.svg,CC-BY-SA-4.0,none,original-generic,unverified
tc-organizer-electronics-chargers-and-power-supplies,Chargers And Power Supplies organization starter,tool-holders,tray-starter,electronics,chargers-and-power-supplies,intermediate,150 × 100 mm,CUT+ENGRAVE+SCORE,none,generated/svg/tool-holders/tc-organizer-electronics-chargers-and-power-supplies.svg,generated/previews/tool-holders/tc-organizer-electronics-chargers-and-power-supplies.svg,CC-BY-SA-4.0,none,original-generic,unverified
tc-organizer-electronics-cooling-fans,Cooling Fans organization starter,tool-holders,tray-starter,electronics,cooling-fans,intermediate,150 × 100 mm,CUT+ENGRAVE+SCORE,none,generated/svg/tool-holders/tc-organizer-electronics-cooling-fans.svg,generated/previews/tool-holders/tc-organizer-electronics-cooling-fans.svg,CC-BY-SA-4.0,none,original-generic,unverified
tc-organizer-electronics-ethernet-cables,Ethernet Cables organization starter,tool-holders,slot-comb,electronics,ethernet-cables,intermediate,150 × 100 mm,CUT+ENGRAVE,none,generated/svg/tool-holders/tc-organizer-electronics-ethernet-cables.svg,generated/previews/tool-holders/tc-organizer-electronics-ethernet-cables.svg,CC-BY-SA-4.0,none,original-generic,unverified
tc-organizer-electronics-flush-cutters,Flush Cutters organization starter,tool-holders,tray-starter,electronics,flush-cutters,intermediate,150 × 100 mm,CUT+ENGRAVE+SCORE,none,generated/svg/tool-holders/tc-organizer-electronics-flush-cutters.svg,generated/previews/tool-holders/tc-organizer-electronics-flush-cutters.svg,CC-BY-SA-4.0,none,original-generic,unverified
tc-organizer-electronics-ic-organization,IC Organization organization starter,tool-holders,tray-starter,electronics,ic-organization,intermediate,150 × 100 mm,CUT+ENGRAVE+SCORE,none,generated/svg/tool-holders/tc-organizer-electronics-ic-organization.svg,generated/previews/tool-holders/tc-organizer-electronics-ic-organization.svg,CC-BY-SA-4.0,none,original-generic,unverified
tc-organizer-electronics-jumper-wires,Jumper Wires organization starter,tool-holders,tray-starter,electronics,jumper-wires,intermediate,150 × 100 mm,CUT+ENGRAVE+SCORE,none,generated/svg/tool-holders/tc-organizer-electronics-jumper-wires.svg,generated/previews/tool-holders/tc-organizer-electronics-jumper-wires.svg,CC-BY-SA-4.0,none,original-generic,unverified
tc-organizer-electronics-multimeters,Multimeters organization starter,tool-holders,tray-starter,electronics,multimeters,intermediate,150 × 100 mm,CUT+ENGRAVE+SCORE,none,generated/svg/tool-holders/tc-organizer-electronics-multimeters.svg,generated/previews/tool-holders/tc-organizer-electronics-multimeters.svg,CC-BY-SA-4.0,none,original-generic,unverified
tc-organizer-electronics-oscilloscope-probes,Oscilloscope Probes organization starter,tool-holders,slot-comb,electronics,oscilloscope-probes,intermediate,150 × 100 mm,CUT+ENGRAVE,none,generated/svg/tool-holders/tc-organizer-electronics-oscilloscope-probes.svg,generated/previews/tool-holders/tc-organizer-electronics-oscilloscope-probes.svg,CC-BY-SA-4.0,none,original-generic,unverified
tc-organizer-electronics-pcb-holders,PCB Holders organization starter,tool-holders,tray-starter,electronics,pcb-holders,intermediate,150 × 100 mm,CUT+ENGRAVE+SCORE,none,generated/svg/tool-holders/tc-organizer-electronics-pcb-holders.svg,generated/previews/tool-holders/tc-organizer-electronics-pcb-holders.svg,CC-BY-SA-4.0,none,original-generic,unverified
tc-organizer-electronics-precision-drivers,Precision Drivers organization starter,tool-holders,hole-array,electronics,precision-drivers,intermediate,150 × 100 mm,CUT+ENGRAVE,none,generated/svg/tool-holders/tc-organizer-electronics-precision-drivers.svg,generated/previews/tool-holders/tc-organizer-electronics-precision-drivers.svg,CC-BY-SA-4.0,none,original-generic,unverified
tc-organizer-electronics-raspberry-pi-boards,Raspberry Pi Boards organization starter,tool-holders,tray-starter,electronics,raspberry-pi-boards,intermediate,150 × 100 mm,CUT+ENGRAVE+SCORE,none,generated/svg/tool-holders/tc-organizer-electronics-raspberry-pi-boards.svg,generated/previews/tool-holders/tc-organizer-electronics-raspberry-pi-boards.svg,CC-BY-SA-4.0,none,original-generic,unverified
tc-organizer-electronics-resistor-organization,Resistor Organization organization starter,tool-holders,tray-starter,electronics,resistor-organization,intermediate,150 × 100 mm,CUT+ENGRAVE+SCORE,none,generated/svg/tool-holders/tc-organizer-electronics-resistor-organization.svg,generated/previews/tool-holders/tc-organizer-electronics-resistor-organization.svg,CC-BY-SA-4.0,none,original-generic,unverified
tc-organizer-electronics-solder-spools,Solder Spools organization starter,tool-holders,tray-starter,electronics,solder-spools,intermediate,150 × 100 mm,CUT+ENGRAVE+SCORE,none,generated/svg/tool-holders/tc-organizer-electronics-solder-spools.svg,generated/previews/tool-holders/tc-organizer-electronics-solder-spools.svg,CC-BY-SA-4.0,none,original-generic,unverified
tc-organizer-electronics-soldering-equipment,Soldering Equipment organization starter,tool-holders,tray-starter,electronics,soldering-equipment,intermediate,150 × 100 mm,CUT+ENGRAVE+SCORE,none,generated/svg/tool-holders/tc-organizer-electronics-soldering-equipment.svg,generated/previews/tool-holders/tc-organizer-electronics-soldering-equipment.svg,CC-BY-SA-4.0,none,original-generic,unverified
tc-organizer-electronics-test-leads,Test Leads organization starter,tool-holders,slot-comb,electronics,test-leads,intermediate,150 × 100 mm,CUT+ENGRAVE,none,generated/svg/tool-holders/tc-organizer-electronics-test-leads.svg,generated/previews/tool-holders/tc-organizer-electronics-test-leads.svg,CC-BY-SA-4.0,none,original-generic,unverified
tc-organizer-electronics-tweezers,Tweezers organization starter,tool-holders,slot-comb,electronics,tweezers,intermediate,150 × 100 mm,CUT+ENGRAVE,none,generated/svg/tool-holders/tc-organizer-electronics-tweezers.svg,generated/previews/tool-holders/tc-organizer-electronics-tweezers.svg,CC-BY-SA-4.0,none,original-generic,unverified
tc-organizer-electronics-usb-cables,USB Cables organization starter,tool-holders,slot-comb,electronics,usb-cables,intermediate,150 × 100 mm,CUT+ENGRAVE,none,generated/svg/tool-holders/tc-organizer-electronics-usb-cables.svg,generated/previews/tool-holders/tc-organizer-electronics-usb-cables.svg,CC-BY-SA-4.0,none,original-generic,unverified
tc-organizer-electronics-wire-strippers-and-crimpers,Wire Strippers And Crimpers organization starter,tool-holders,tray-starter,electronics,wire-strippers-and-crimpers,intermediate,150 × 100 mm,CUT+ENGRAVE+SCORE,none,generated/svg/tool-holders/tc-organizer-electronics-wire-strippers-and-crimpers.svg,generated/previews/tool-holders/tc-organizer-electronics-wire-strippers-and-crimpers.svg,CC-BY-SA-4.0,none,original-generic,unverified
tc-organizer-general-adhesives-and-tapes,Adhesives And Tapes organization starter,tool-holders,hole-array,general,adhesives-and-tapes,intermediate,150 × 100 mm,CUT+ENGRAVE,none,generated/svg/tool-holders/tc-organizer-general-adhesives-and-tapes.svg,generated/previews/tool-holders/tc-organizer-general-adhesives-and-tapes.svg,CC-BY-SA-4.0,none,original-generic,unverified
tc-organizer-general-batteries,Batteries organization starter,tool-holders,tray-starter,general,batteries,intermediate,150 × 100 mm,CUT+ENGRAVE+SCORE,none,generated/svg/tool-holders/tc-organizer-general-batteries.svg,generated/previews/tool-holders/tc-organizer-general-batteries.svg,CC-BY-SA-4.0,none,original-generic,unverified
tc-organizer-general-cleaning-brushes,Cleaning Brushes organization starter,tool-holders,hole-array,general,cleaning-brushes,intermediate,150 × 100 mm,CUT+ENGRAVE,none,generated/svg/tool-holders/tc-organizer-general-cleaning-brushes.svg,generated/previews/tool-holders/tc-organizer-general-cleaning-brushes.svg,CC-BY-SA-4.0,none,original-generic,unverified
tc-organizer-general-cordless-tool-batteries,Cordless Tool Batteries organization starter,tool-holders,slot-comb,general,cordless-tool-batteries,intermediate,150 × 100 mm,CUT+ENGRAVE,none,generated/svg/tool-holders/tc-organizer-general-cordless-tool-batteries.svg,generated/previews/tool-holders/tc-organizer-general-cordless-tool-batteries.svg,CC-BY-SA-4.0,none,original-generic,unverified
tc-organizer-general-dust-masks-and-respirators,Dust Masks And Respirators organization starter,tool-holders,tray-starter,general,dust-masks-and-respirators,intermediate,150 × 100 mm,CUT+ENGRAVE+SCORE,none,generated/svg/tool-holders/tc-organizer-general-dust-masks-and-respirators.svg,generated/previews/tool-holders/tc-organizer-general-dust-masks-and-respirators.svg,CC-BY-SA-4.0,none,original-generic,unverified
tc-organizer-general-extension-cords,Extension Cords organization starter,tool-holders,slot-comb,general,extension-cords,intermediate,150 × 100 mm,CUT+ENGRAVE,none,generated/svg/tool-holders/tc-organizer-general-extension-cords.svg,generated/previews/tool-holders/tc-organizer-general-extension-cords.svg,CC-BY-SA-4.0,none,original-generic,unverified
tc-organizer-general-face-shields,Face Shields organization starter,tool-holders,tray-starter,general,face-shields,intermediate,150 × 100 mm,CUT+ENGRAVE+SCORE,none,generated/svg/tool-holders/tc-organizer-general-face-shields.svg,generated/previews/tool-holders/tc-organizer-general-face-shields.svg,CC-BY-SA-4.0,none,original-generic,unverified
tc-organizer-general-fastener-bins,Fastener Bins organization starter,tool-holders,tray-starter,general,fastener-bins,intermediate,150 × 100 mm,CUT+ENGRAVE+SCORE,none,generated/svg/tool-holders/tc-organizer-general-fastener-bins.svg,generated/previews/tool-holders/tc-organizer-general-fastener-bins.svg,CC-BY-SA-4.0,none,original-generic,unverified
tc-organizer-general-first-aid-supplies,First-Aid Supplies organization starter,tool-holders,tray-starter,general,first-aid-supplies,intermediate,150 × 100 mm,CUT+ENGRAVE+SCORE,none,generated/svg/tool-holders/tc-organizer-general-first-aid-supplies.svg,generated/previews/tool-holders/tc-organizer-general-first-aid-supplies.svg,CC-BY-SA-4.0,none,original-generic,unverified
tc-organizer-general-hearing-protection,Hearing Protection organization starter,tool-holders,tray-starter,general,hearing-protection,intermediate,150 × 100 mm,CUT+ENGRAVE+SCORE,none,generated/svg/tool-holders/tc-organizer-general-hearing-protection.svg,generated/previews/tool-holders/tc-organizer-general-hearing-protection.svg,CC-BY-SA-4.0,none,original-generic,unverified
tc-organizer-general-measuring-tapes,Measuring Tapes organization starter,tool-holders,hole-array,general,measuring-tapes,intermediate,150 × 100 mm,CUT+ENGRAVE,none,generated/svg/tool-holders/tc-organizer-general-measuring-tapes.svg,generated/previews/tool-holders/tc-organizer-general-measuring-tapes.svg,CC-BY-SA-4.0,none,original-generic,unverified
tc-organizer-general-safety-glasses,Safety Glasses organization starter,tool-holders,tray-starter,general,safety-glasses,intermediate,150 × 100 mm,CUT+ENGRAVE+SCORE,none,generated/svg/tool-holders/tc-organizer-general-safety-glasses.svg,generated/previews/tool-holders/tc-organizer-general-safety-glasses.svg,CC-BY-SA-4.0,none,original-generic,unverified
tc-organizer-general-scissors,Scissors organization starter,tool-holders,tray-starter,general,scissors,intermediate,150 × 100 mm,CUT+ENGRAVE+SCORE,none,generated/svg/tool-holders/tc-organizer-general-scissors.svg,generated/previews/tool-holders/tc-organizer-general-scissors.svg,CC-BY-SA-4.0,none,original-generic,unverified
tc-organizer-general-shared-chargers,Shared Chargers organization starter,tool-holders,tray-starter,general,shared-chargers,intermediate,150 × 100 mm,CUT+ENGRAVE+SCORE,none,generated/svg/tool-holders/tc-organizer-general-shared-chargers.svg,generated/previews/tool-holders/tc-organizer-general-shared-chargers.svg,CC-BY-SA-4.0,none,original-generic,unverified
tc-organizer-general-utility-knives,Utility Knives organization starter,tool-holders,tray-starter,general,utility-knives,intermediate,150 × 100 mm,CUT+ENGRAVE+SCORE,none,generated/svg/tool-holders/tc-organizer-general-utility-knives.svg,generated/previews/tool-holders/tc-organizer-general-utility-knives.svg,CC-BY-SA-4.0,none,original-generic,unverified
tc-organizer-general-work-gloves,Work Gloves organization starter,tool-holders,tray-starter,general,work-gloves,intermediate,150 × 100 mm,CUT+ENGRAVE+SCORE,none,generated/svg/tool-holders/tc-organizer-general-work-gloves.svg,generated/previews/tool-holders/tc-organizer-general-work-gloves.svg,CC-BY-SA-4.0,none,original-generic,unverified
tc-organizer-machine-boring-tools,Boring Tools organization starter,tool-holders,tray-starter,machine,boring-tools,intermediate,150 × 100 mm,CUT+ENGRAVE+SCORE,none,generated/svg/tool-holders/tc-organizer-machine-boring-tools.svg,generated/previews/tool-holders/tc-organizer-machine-boring-tools.svg,CC-BY-SA-4.0,none,original-generic,unverified
tc-organizer-machine-calipers,Calipers organization starter,tool-holders,tray-starter,machine,calipers,intermediate,150 × 100 mm,CUT+ENGRAVE+SCORE,none,generated/svg/tool-holders/tc-organizer-machine-calipers.svg,generated/previews/tool-holders/tc-organizer-machine-calipers.svg,CC-BY-SA-4.0,none,original-generic,unverified
tc-organizer-machine-carbide-inserts,Carbide Inserts organization starter,tool-holders,hole-array,machine,carbide-inserts,intermediate,150 × 100 mm,CUT+ENGRAVE,none,generated/svg/tool-holders/tc-organizer-machine-carbide-inserts.svg,generated/previews/tool-holders/tc-organizer-machine-carbide-inserts.svg,CC-BY-SA-4.0,none,original-generic,unverified
tc-organizer-machine-center-drills,Center Drills organization starter,tool-holders,hole-array,machine,center-drills,intermediate,150 × 100 mm,CUT+ENGRAVE,none,generated/svg/tool-holders/tc-organizer-machine-center-drills.svg,generated/previews/tool-holders/tc-organizer-machine-center-drills.svg,CC-BY-SA-4.0,none,original-generic,unverified
tc-organizer-machine-chuck-keys,Chuck Keys organization starter,tool-holders,slot-comb,machine,chuck-keys,intermediate,150 × 100 mm,CUT+ENGRAVE,none,generated/svg/tool-holders/tc-organizer-machine-chuck-keys.svg,generated/previews/tool-holders/tc-organizer-machine-chuck-keys.svg,CC-BY-SA-4.0,none,original-generic,unverified
tc-organizer-machine-clamps-and-setup-accessories,Clamps And Setup Accessories organization starter,tool-holders,slot-comb,machine,clamps-and-setup-accessories,intermediate,150 × 100 mm,CUT+ENGRAVE,none,generated/svg/tool-holders/tc-organizer-machine-clamps-and-setup-accessories.svg,generated/previews/tool-holders/tc-organizer-machine-clamps-and-setup-accessories.svg,CC-BY-SA-4.0,none,original-generic,unverified
tc-organizer-machine-collets,Collets organization starter,tool-holders,hole-array,machine,collets,intermediate,150 × 100 mm,CUT+ENGRAVE,none,generated/svg/tool-holders/tc-organizer-machine-collets.svg,generated/previews/tool-holders/tc-organizer-machine-collets.svg,CC-BY-SA-4.0,none,original-generic,unverified
tc-organizer-machine-countersinks,Countersinks organization starter,tool-holders,hole-array,machine,countersinks,intermediate,150 × 100 mm,CUT+ENGRAVE,none,generated/svg/tool-holders/tc-organizer-machine-countersinks.svg,generated/previews/tool-holders/tc-organizer-machine-countersinks.svg,CC-BY-SA-4.0,none,original-generic,unverified
tc-organizer-machine-deburring-tools,Deburring Tools organization starter,tool-holders,tray-starter,machine,deburring-tools,intermediate,150 × 100 mm,CUT+ENGRAVE+SCORE,none,generated/svg/tool-holders/tc-organizer-machine-deburring-tools.svg,generated/previews/tool-holders/tc-organizer-machine-deburring-tools.svg,CC-BY-SA-4.0,none,original-generic,unverified
tc-organizer-machine-drill-bits,Drill Bits organization starter,tool-holders,hole-array,machine,drill-bits,intermediate,150 × 100 mm,CUT+ENGRAVE,none,generated/svg/tool-holders/tc-organizer-machine-drill-bits.svg,generated/previews/tool-holders/tc-organizer-machine-drill-bits.svg,CC-BY-SA-4.0,none,original-generic,unverified
tc-organizer-machine-edge-finders,Edge Finders organization starter,tool-holders,tray-starter,machine,edge-finders,intermediate,150 × 100 mm,CUT+ENGRAVE+SCORE,none,generated/svg/tool-holders/tc-organizer-machine-edge-finders.svg,generated/previews/tool-holders/tc-organizer-machine-edge-finders.svg,CC-BY-SA-4.0,none,original-generic,unverified
tc-organizer-machine-end-mills,End Mills organization starter,tool-holders,hole-array,machine,end-mills,intermediate,150 × 100 mm,CUT+ENGRAVE,none,generated/svg/tool-holders/tc-organizer-machine-end-mills.svg,generated/previews/tool-holders/tc-organizer-machine-end-mills.svg,CC-BY-SA-4.0,none,original-generic,unverified
tc-organizer-machine-files,Files organization starter,tool-holders,tray-starter,machine,files,intermediate,150 × 100 mm,CUT+ENGRAVE+SCORE,none,generated/svg/tool-holders/tc-organizer-machine-files.svg,generated/previews/tool-holders/tc-organizer-machine-files.svg,CC-BY-SA-4.0,none,original-generic,unverified
tc-organizer-machine-gauges,Gauges organization starter,tool-holders,tray-starter,machine,gauges,intermediate,150 × 100 mm,CUT+ENGRAVE+SCORE,none,generated/svg/tool-holders/tc-organizer-machine-gauges.svg,generated/previews/tool-holders/tc-organizer-machine-gauges.svg,CC-BY-SA-4.0,none,original-generic,unverified
tc-organizer-machine-hex-and-torx-keys,Hex And Torx Keys organization starter,tool-holders,slot-comb,machine,hex-and-torx-keys,intermediate,150 × 100 mm,CUT+ENGRAVE,none,generated/svg/tool-holders/tc-organizer-machine-hex-and-torx-keys.svg,generated/previews/tool-holders/tc-organizer-machine-hex-and-torx-keys.svg,CC-BY-SA-4.0,none,original-generic,unverified
tc-organizer-machine-indicators,Indicators organization starter,tool-holders,tray-starter,machine,indicators,intermediate,150 × 100 mm,CUT+ENGRAVE+SCORE,none,generated/svg/tool-holders/tc-organizer-machine-indicators.svg,generated/previews/tool-holders/tc-organizer-machine-indicators.svg,CC-BY-SA-4.0,none,original-generic,unverified
tc-organizer-machine-lathe-centers,Lathe Centers organization starter,tool-holders,tray-starter,machine,lathe-centers,intermediate,150 × 100 mm,CUT+ENGRAVE+SCORE,none,generated/svg/tool-holders/tc-organizer-machine-lathe-centers.svg,generated/previews/tool-holders/tc-organizer-machine-lathe-centers.svg,CC-BY-SA-4.0,none,original-generic,unverified
tc-organizer-machine-lathe-tooling,Lathe Tooling organization starter,tool-holders,tray-starter,machine,lathe-tooling,intermediate,150 × 100 mm,CUT+ENGRAVE+SCORE,none,generated/svg/tool-holders/tc-organizer-machine-lathe-tooling.svg,generated/previews/tool-holders/tc-organizer-machine-lathe-tooling.svg,CC-BY-SA-4.0,none,original-generic,unverified
tc-organizer-machine-machinist-squares,Machinist Squares organization starter,tool-holders,tray-starter,machine,machinist-squares,intermediate,150 × 100 mm,CUT+ENGRAVE+SCORE,none,generated/svg/tool-holders/tc-organizer-machine-machinist-squares.svg,generated/previews/tool-holders/tc-organizer-machine-machinist-squares.svg,CC-BY-SA-4.0,none,original-generic,unverified
tc-organizer-machine-micrometers,Micrometers organization starter,tool-holders,tray-starter,machine,micrometers,intermediate,150 × 100 mm,CUT+ENGRAVE+SCORE,none,generated/svg/tool-holders/tc-organizer-machine-micrometers.svg,generated/previews/tool-holders/tc-organizer-machine-micrometers.svg,CC-BY-SA-4.0,none,original-generic,unverified
tc-organizer-machine-parallels,Parallels organization starter,tool-holders,tray-starter,machine,parallels,intermediate,150 × 100 mm,CUT+ENGRAVE+SCORE,none,generated/svg/tool-holders/tc-organizer-machine-parallels.svg,generated/previews/tool-holders/tc-organizer-machine-parallels.svg,CC-BY-SA-4.0,none,original-generic,unverified
tc-organizer-machine-punches,Punches organization starter,tool-holders,hole-array,machine,punches,intermediate,150 × 100 mm,CUT+ENGRAVE,none,generated/svg/tool-holders/tc-organizer-machine-punches.svg,generated/previews/tool-holders/tc-organizer-machine-punches.svg,CC-BY-SA-4.0,none,original-generic,unverified
tc-organizer-machine-reamers,Reamers organization starter,tool-holders,hole-array,machine,reamers,intermediate,150 × 100 mm,CUT+ENGRAVE,none,generated/svg/tool-holders/tc-organizer-machine-reamers.svg,generated/previews/tool-holders/tc-organizer-machine-reamers.svg,CC-BY-SA-4.0,none,original-generic,unverified
tc-organizer-machine-taps-and-dies,Taps And Dies organization starter,tool-holders,hole-array,machine,taps-and-dies,intermediate,150 × 100 mm,CUT+ENGRAVE,none,generated/svg/tool-holders/tc-organizer-machine-taps-and-dies.svg,generated/previews/tool-holders/tc-organizer-machine-taps-and-dies.svg,CC-BY-SA-4.0,none,original-generic,unverified
tc-organizer-machine-wrenches,Wrenches organization starter,tool-holders,slot-comb,machine,wrenches,intermediate,150 × 100 mm,CUT+ENGRAVE,none,generated/svg/tool-holders/tc-organizer-machine-wrenches.svg,generated/previews/tool-holders/tc-organizer-machine-wrenches.svg,CC-BY-SA-4.0,none,original-generic,unverified
tc-organizer-wood-brushes,Brushes organization starter,tool-holders,hole-array,wood,brushes,intermediate,150 × 100 mm,CUT+ENGRAVE,none,generated/svg/tool-holders/tc-organizer-wood-brushes.svg,generated/previews/tool-holders/tc-organizer-wood-brushes.svg,CC-BY-SA-4.0,none,original-generic,unverified
tc-organizer-wood-carving-tools,Carving Tools organization starter,tool-holders,tray-starter,wood,carving-tools,intermediate,150 × 100 mm,CUT+ENGRAVE+SCORE,none,generated/svg/tool-holders/tc-organizer-wood-carving-tools.svg,generated/previews/tool-holders/tc-organizer-wood-carving-tools.svg,CC-BY-SA-4.0,none,original-generic,unverified
tc-organizer-wood-chisels,Chisels organization starter,tool-holders,tray-starter,wood,chisels,intermediate,150 × 100 mm,CUT+ENGRAVE+SCORE,none,generated/svg/tool-holders/tc-organizer-wood-chisels.svg,generated/previews/tool-holders/tc-organizer-wood-chisels.svg,CC-BY-SA-4.0,none,original-generic,unverified
tc-organizer-wood-clamp-accessories,Clamp Accessories organization starter,tool-holders,slot-comb,wood,clamp-accessories,intermediate,150 × 100 mm,CUT+ENGRAVE,none,generated/svg/tool-holders/tc-organizer-wood-clamp-accessories.svg,generated/previews/tool-holders/tc-organizer-wood-clamp-accessories.svg,CC-BY-SA-4.0,none,original-generic,unverified
tc-organizer-wood-driver-bits,Driver Bits organization starter,tool-holders,hole-array,wood,driver-bits,intermediate,150 × 100 mm,CUT+ENGRAVE,none,generated/svg/tool-holders/tc-organizer-wood-driver-bits.svg,generated/previews/tool-holders/tc-organizer-wood-driver-bits.svg,CC-BY-SA-4.0,none,original-generic,unverified
tc-organizer-wood-fastener-organization,Fastener Organization organization starter,tool-holders,tray-starter,wood,fastener-organization,intermediate,150 × 100 mm,CUT+ENGRAVE+SCORE,none,generated/svg/tool-holders/tc-organizer-wood-fastener-organization.svg,generated/previews/tool-holders/tc-organizer-wood-fastener-organization.svg,CC-BY-SA-4.0,none,original-generic,unverified
tc-organizer-wood-files-and-rasps,Files And Rasps organization starter,tool-holders,tray-starter,wood,files-and-rasps,intermediate,150 × 100 mm,CUT+ENGRAVE+SCORE,none,generated/svg/tool-holders/tc-organizer-wood-files-and-rasps.svg,generated/previews/tool-holders/tc-organizer-wood-files-and-rasps.svg,CC-BY-SA-4.0,none,original-generic,unverified
tc-organizer-wood-forstner-bits,Forstner Bits organization starter,tool-holders,hole-array,wood,forstner-bits,intermediate,150 × 100 mm,CUT+ENGRAVE,none,generated/svg/tool-holders/tc-organizer-wood-forstner-bits.svg,generated/previews/tool-holders/tc-organizer-wood-forstner-bits.svg,CC-BY-SA-4.0,none,original-generic,unverified
tc-organizer-wood-glue-bottles,Glue Bottles organization starter,tool-holders,tray-starter,wood,glue-bottles,intermediate,150 × 100 mm,CUT+ENGRAVE+SCORE,none,generated/svg/tool-holders/tc-organizer-wood-glue-bottles.svg,generated/previews/tool-holders/tc-organizer-wood-glue-bottles.svg,CC-BY-SA-4.0,none,original-generic,unverified
tc-organizer-wood-hole-saws,Hole Saws organization starter,tool-holders,tray-starter,wood,hole-saws,intermediate,150 × 100 mm,CUT+ENGRAVE+SCORE,none,generated/svg/tool-holders/tc-organizer-wood-hole-saws.svg,generated/previews/tool-holders/tc-organizer-wood-hole-saws.svg,CC-BY-SA-4.0,none,original-generic,unverified
tc-organizer-wood-marking-gauges,Marking Gauges organization starter,tool-holders,tray-starter,wood,marking-gauges,intermediate,150 × 100 mm,CUT+ENGRAVE+SCORE,none,generated/svg/tool-holders/tc-organizer-wood-marking-gauges.svg,generated/previews/tool-holders/tc-organizer-wood-marking-gauges.svg,CC-BY-SA-4.0,none,original-generic,unverified
tc-organizer-wood-pencils-and-markers,Pencils And Markers organization starter,tool-holders,hole-array,wood,pencils-and-markers,intermediate,150 × 100 mm,CUT+ENGRAVE,none,generated/svg/tool-holders/tc-organizer-wood-pencils-and-markers.svg,generated/previews/tool-holders/tc-organizer-wood-pencils-and-markers.svg,CC-BY-SA-4.0,none,original-generic,unverified
tc-organizer-wood-router-bits,Router Bits organization starter,tool-holders,hole-array,wood,router-bits,intermediate,150 × 100 mm,CUT+ENGRAVE,none,generated/svg/tool-holders/tc-organizer-wood-router-bits.svg,generated/previews/tool-holders/tc-organizer-wood-router-bits.svg,CC-BY-SA-4.0,none,original-generic,unverified
tc-organizer-wood-sanding-discs,Sanding Discs organization starter,tool-holders,tray-starter,wood,sanding-discs,intermediate,150 × 100 mm,CUT+ENGRAVE+SCORE,none,generated/svg/tool-holders/tc-organizer-wood-sanding-discs.svg,generated/previews/tool-holders/tc-organizer-wood-sanding-discs.svg,CC-BY-SA-4.0,none,original-generic,unverified
tc-organizer-wood-sanding-sheets,Sanding Sheets organization starter,tool-holders,slot-comb,wood,sanding-sheets,intermediate,150 × 100 mm,CUT+ENGRAVE,none,generated/svg/tool-holders/tc-organizer-wood-sanding-sheets.svg,generated/previews/tool-holders/tc-organizer-wood-sanding-sheets.svg,CC-BY-SA-4.0,none,original-generic,unverified
tc-organizer-wood-saw-and-blade-accessories,Saw And Blade Accessories organization starter,tool-holders,slot-comb,wood,saw-and-blade-accessories,intermediate,150 × 100 mm,CUT+ENGRAVE,none,generated/svg/tool-holders/tc-organizer-wood-saw-and-blade-accessories.svg,generated/previews/tool-holders/tc-organizer-wood-saw-and-blade-accessories.svg,CC-BY-SA-4.0,none,original-generic,unverified
tc-organizer-wood-spade-bits,Spade Bits organization starter,tool-holders,hole-array,wood,spade-bits,intermediate,150 × 100 mm,CUT+ENGRAVE,none,generated/svg/tool-holders/tc-organizer-wood-spade-bits.svg,generated/previews/tool-holders/tc-organizer-wood-spade-bits.svg,CC-BY-SA-4.0,none,original-generic,unverified
tc-organizer-wood-tapes-and-rulers,Tapes And Rulers organization starter,tool-holders,hole-array,wood,tapes-and-rulers,intermediate,150 × 100 mm,CUT+ENGRAVE,none,generated/svg/tool-holders/tc-organizer-wood-tapes-and-rulers.svg,generated/previews/tool-holders/tc-organizer-wood-tapes-and-rulers.svg,CC-BY-SA-4.0,none,original-generic,unverified
tc-organizer-wood-woodworking-squares,Woodworking Squares organization starter,tool-holders,tray-starter,wood,woodworking-squares,intermediate,150 × 100 mm,CUT+ENGRAVE+SCORE,none,generated/svg/tool-holders/tc-organizer-wood-woodworking-squares.svg,generated/previews/tool-holders/tc-organizer-wood-woodworking-squares.svg,CC-BY-SA-4.0,none,original-generic,unverified
tc-polygon-hexagon-60mm,60 mm hexagon,core-geometry,polygons,general,none,introductory,70 × 70 mm,CUT,none,generated/svg/core-geometry/tc-polygon-hexagon-60mm.svg,generated/previews/core-geometry/tc-polygon-hexagon-60mm.svg,CC-BY-SA-4.0,none,original-generic,unverified
tc-polygon-octagon-60mm,60 mm octagon,core-geometry,polygons,general,none,introductory,70 × 70 mm,CUT,none,generated/svg/core-geometry/tc-polygon-octagon-60mm.svg,generated/previews/core-geometry/tc-polygon-octagon-60mm.svg,CC-BY-SA-4.0,none,original-generic,unverified
tc-project-angled-leg,Angled project leg,project-components,angled-leg,general,student project,introductory,70 × 160 mm,CUT,none,generated/svg/project-components/tc-project-angled-leg.svg,generated/previews/project-components/tc-project-angled-leg.svg,CC-BY-SA-4.0,none,original-generic,unverified
tc-project-bookmark-blank,Bookmark blank,project-components,bookmark-blank,general,student project,introductory,45 × 160 mm,CUT,none,generated/svg/project-components/tc-project-bookmark-blank.svg,generated/previews/project-components/tc-project-bookmark-blank.svg,CC-BY-SA-4.0,none,original-generic,unverified
tc-project-box-panel,Simple box panel starter,project-components,box-panel,general,student project,introductory,150 × 100 mm,CUT+SCORE,configurable,generated/svg/project-components/tc-project-box-panel.svg,generated/previews/project-components/tc-project-box-panel.svg,CC-BY-SA-4.0,none,original-generic,unverified
tc-project-coaster-blank,Coaster blank,project-components,coaster-blank,general,student project,introductory,100 × 100 mm,CUT,none,generated/svg/project-components/tc-project-coaster-blank.svg,generated/previews/project-components/tc-project-coaster-blank.svg,CC-BY-SA-4.0,none,original-generic,unverified
tc-project-cross-stand,Cross stand pair,project-components,cross-stand,general,student project,introductory,180 × 100 mm,CUT,configurable,generated/svg/project-components/tc-project-cross-stand.svg,generated/previews/project-components/tc-project-cross-stand.svg,CC-BY-SA-4.0,none,original-generic,unverified
tc-project-divider-panel,Tray divider panel,project-components,divider-panel,general,student project,introductory,150 × 80 mm,CUT,configurable,generated/svg/project-components/tc-project-divider-panel.svg,generated/previews/project-components/tc-project-divider-panel.svg,CC-BY-SA-4.0,none,original-generic,unverified
tc-project-easel-starter,Easel starter parts,project-components,easel-starter,general,student project,introductory,220 × 180 mm,CUT,none,generated/svg/project-components/tc-project-easel-starter.svg,generated/previews/project-components/tc-project-easel-starter.svg,CC-BY-SA-4.0,none,original-generic,unverified
tc-project-half-lap-joint,Cross-lap test pair,project-components,half-lap-joint,general,student project,introductory,180 × 80 mm,CUT,configurable,generated/svg/project-components/tc-project-half-lap-joint.svg,generated/previews/project-components/tc-project-half-lap-joint.svg,CC-BY-SA-4.0,none,original-generic,unverified
tc-project-keychain-blank,Keychain blank,project-components,keychain-blank,general,student project,introductory,70 × 30 mm,CUT,none,generated/svg/project-components/tc-project-keychain-blank.svg,generated/previews/project-components/tc-project-keychain-blank.svg,CC-BY-SA-4.0,none,original-generic,unverified
tc-project-plaque-blank,Plaque blank,project-components,plaque-blank,general,student project,introductory,180 × 90 mm,CUT,none,generated/svg/project-components/tc-project-plaque-blank.svg,generated/previews/project-components/tc-project-plaque-blank.svg,CC-BY-SA-4.0,none,original-generic,unverified
tc-project-sign-blank,Rounded sign blank,project-components,sign-blank,general,student project,introductory,200 × 100 mm,CUT,none,generated/svg/project-components/tc-project-sign-blank.svg,generated/previews/project-components/tc-project-sign-blank.svg,CC-BY-SA-4.0,none,original-generic,unverified
tc-project-straight-leg,Straight project leg,project-components,straight-leg,general,student project,introductory,50 × 160 mm,CUT,none,generated/svg/project-components/tc-project-straight-leg.svg,generated/previews/project-components/tc-project-straight-leg.svg,CC-BY-SA-4.0,none,original-generic,unverified
tc-project-t-foot,T-foot stand components,project-components,t-foot,general,student project,introductory,180 × 100 mm,CUT,configurable,generated/svg/project-components/tc-project-t-foot.svg,generated/previews/project-components/tc-project-t-foot.svg,CC-BY-SA-4.0,none,original-generic,unverified
tc-project-tab-slot-joint,Tab-and-slot test pair,project-components,tab-slot-joint,general,student project,introductory,180 × 80 mm,CUT,configurable,generated/svg/project-components/tc-project-tab-slot-joint.svg,generated/previews/project-components/tc-project-tab-slot-joint.svg,CC-BY-SA-4.0,none,original-generic,unverified
tc-project-tag-blank,Tag blank,project-components,tag-blank,general,student project,introductory,80 × 40 mm,CUT,none,generated/svg/project-components/tc-project-tag-blank.svg,generated/previews/project-components/tc-project-tag-blank.svg,CC-BY-SA-4.0,none,original-generic,unverified
tc-rectangle-100x100mm,100 × 100 mm rectangle,core-geometry,rectangles,general,none,introductory,100 × 100 mm,CUT,none,generated/svg/core-geometry/tc-rectangle-100x100mm.svg,generated/previews/core-geometry/tc-rectangle-100x100mm.svg,CC-BY-SA-4.0,none,original-generic,unverified
tc-rectangle-100x200mm,100 × 200 mm rectangle,core-geometry,rectangles,general,none,introductory,100 × 200 mm,CUT,none,generated/svg/core-geometry/tc-rectangle-100x200mm.svg,generated/previews/core-geometry/tc-rectangle-100x200mm.svg,CC-BY-SA-4.0,none,original-generic,unverified
tc-rectangle-100x50mm,100 × 50 mm rectangle,core-geometry,rectangles,general,none,introductory,100 × 50 mm,CUT,none,generated/svg/core-geometry/tc-rectangle-100x50mm.svg,generated/previews/core-geometry/tc-rectangle-100x50mm.svg,CC-BY-SA-4.0,none,original-generic,unverified
tc-rectangle-100x75mm,100 × 75 mm rectangle,core-geometry,rectangles,general,none,introductory,100 × 75 mm,CUT,none,generated/svg/core-geometry/tc-rectangle-100x75mm.svg,generated/previews/core-geometry/tc-rectangle-100x75mm.svg,CC-BY-SA-4.0,none,original-generic,unverified
tc-rectangle-150x100mm,150 × 100 mm rectangle,core-geometry,rectangles,general,none,introductory,150 × 100 mm,CUT,none,generated/svg/core-geometry/tc-rectangle-150x100mm.svg,generated/previews/core-geometry/tc-rectangle-150x100mm.svg,CC-BY-SA-4.0,none,original-generic,unverified
tc-rectangle-200x100mm,200 × 100 mm rectangle,core-geometry,rectangles,general,none,introductory,200 × 100 mm,CUT,none,generated/svg/core-geometry/tc-rectangle-200x100mm.svg,generated/previews/core-geometry/tc-rectangle-200x100mm.svg,CC-BY-SA-4.0,none,original-generic,unverified
tc-rectangle-200x150mm,200 × 150 mm rectangle,core-geometry,rectangles,general,none,introductory,200 × 150 mm,CUT,none,generated/svg/core-geometry/tc-rectangle-200x150mm.svg,generated/previews/core-geometry/tc-rectangle-200x150mm.svg,CC-BY-SA-4.0,none,original-generic,unverified
tc-rectangle-50x50mm,50 × 50 mm rectangle,core-geometry,rectangles,general,none,introductory,50 × 50 mm,CUT,none,generated/svg/core-geometry/tc-rectangle-50x50mm.svg,generated/previews/core-geometry/tc-rectangle-50x50mm.svg,CC-BY-SA-4.0,none,original-generic,unverified
tc-rectangle-75x50mm,75 × 50 mm rectangle,core-geometry,rectangles,general,none,introductory,75 × 50 mm,CUT,none,generated/svg/core-geometry/tc-rectangle-75x50mm.svg,generated/previews/core-geometry/tc-rectangle-75x50mm.svg,CC-BY-SA-4.0,none,original-generic,unverified
tc-ring-100mm-wall-10mm,"100 mm ring, 10 mm wall",core-geometry,rings-washers,general,none,introductory,110 × 110 mm,CUT,none,generated/svg/core-geometry/tc-ring-100mm-wall-10mm.svg,generated/previews/core-geometry/tc-ring-100mm-wall-10mm.svg,CC-BY-SA-4.0,none,original-generic,unverified
tc-ring-20mm-wall-5mm,"20 mm ring, 5 mm wall",core-geometry,rings-washers,general,none,introductory,30 × 30 mm,CUT,none,generated/svg/core-geometry/tc-ring-20mm-wall-5mm.svg,generated/previews/core-geometry/tc-ring-20mm-wall-5mm.svg,CC-BY-SA-4.0,none,original-generic,unverified
tc-ring-30mm-wall-5mm,"30 mm ring, 5 mm wall",core-geometry,rings-washers,general,none,introductory,40 × 40 mm,CUT,none,generated/svg/core-geometry/tc-ring-30mm-wall-5mm.svg,generated/previews/core-geometry/tc-ring-30mm-wall-5mm.svg,CC-BY-SA-4.0,none,original-generic,unverified
tc-ring-40mm-wall-5mm,"40 mm ring, 5 mm wall",core-geometry,rings-washers,general,none,introductory,50 × 50 mm,CUT,none,generated/svg/core-geometry/tc-ring-40mm-wall-5mm.svg,generated/previews/core-geometry/tc-ring-40mm-wall-5mm.svg,CC-BY-SA-4.0,none,original-generic,unverified
tc-ring-50mm-wall-5mm,"50 mm ring, 5 mm wall",core-geometry,rings-washers,general,none,introductory,60 × 60 mm,CUT,none,generated/svg/core-geometry/tc-ring-50mm-wall-5mm.svg,generated/previews/core-geometry/tc-ring-50mm-wall-5mm.svg,CC-BY-SA-4.0,none,original-generic,unverified
tc-ring-75mm-wall-10mm,"75 mm ring, 10 mm wall",core-geometry,rings-washers,general,none,introductory,85 × 85 mm,CUT,none,generated/svg/core-geometry/tc-ring-75mm-wall-10mm.svg,generated/previews/core-geometry/tc-ring-75mm-wall-10mm.svg,CC-BY-SA-4.0,none,original-generic,unverified
tc-rounded-rectangle-100x100mm,100 × 100 mm rounded rectangle,core-geometry,rounded-rectangles,general,none,introductory,100 × 100 mm,CUT,none,generated/svg/core-geometry/tc-rounded-rectangle-100x100mm.svg,generated/previews/core-geometry/tc-rounded-rectangle-100x100mm.svg,CC-BY-SA-4.0,none,original-generic,unverified
tc-rounded-rectangle-100x200mm,100 × 200 mm rounded rectangle,core-geometry,rounded-rectangles,general,none,introductory,100 × 200 mm,CUT,none,generated/svg/core-geometry/tc-rounded-rectangle-100x200mm.svg,generated/previews/core-geometry/tc-rounded-rectangle-100x200mm.svg,CC-BY-SA-4.0,none,original-generic,unverified
tc-rounded-rectangle-100x50mm,100 × 50 mm rounded rectangle,core-geometry,rounded-rectangles,general,none,introductory,100 × 50 mm,CUT,none,generated/svg/core-geometry/tc-rounded-rectangle-100x50mm.svg,generated/previews/core-geometry/tc-rounded-rectangle-100x50mm.svg,CC-BY-SA-4.0,none,original-generic,unverified
tc-rounded-rectangle-100x75mm,100 × 75 mm rounded rectangle,core-geometry,rounded-rectangles,general,none,introductory,100 × 75 mm,CUT,none,generated/svg/core-geometry/tc-rounded-rectangle-100x75mm.svg,generated/previews/core-geometry/tc-rounded-rectangle-100x75mm.svg,CC-BY-SA-4.0,none,original-generic,unverified
tc-rounded-rectangle-150x100mm,150 × 100 mm rounded rectangle,core-geometry,rounded-rectangles,general,none,introductory,150 × 100 mm,CUT,none,generated/svg/core-geometry/tc-rounded-rectangle-150x100mm.svg,generated/previews/core-geometry/tc-rounded-rectangle-150x100mm.svg,CC-BY-SA-4.0,none,original-generic,unverified
tc-rounded-rectangle-200x100mm,200 × 100 mm rounded rectangle,core-geometry,rounded-rectangles,general,none,introductory,200 × 100 mm,CUT,none,generated/svg/core-geometry/tc-rounded-rectangle-200x100mm.svg,generated/previews/core-geometry/tc-rounded-rectangle-200x100mm.svg,CC-BY-SA-4.0,none,original-generic,unverified
tc-rounded-rectangle-200x150mm,200 × 150 mm rounded rectangle,core-geometry,rounded-rectangles,general,none,introductory,200 × 150 mm,CUT,none,generated/svg/core-geometry/tc-rounded-rectangle-200x150mm.svg,generated/previews/core-geometry/tc-rounded-rectangle-200x150mm.svg,CC-BY-SA-4.0,none,original-generic,unverified
tc-rounded-rectangle-50x50mm,50 × 50 mm rounded rectangle,core-geometry,rounded-rectangles,general,none,introductory,50 × 50 mm,CUT,none,generated/svg/core-geometry/tc-rounded-rectangle-50x50mm.svg,generated/previews/core-geometry/tc-rounded-rectangle-50x50mm.svg,CC-BY-SA-4.0,none,original-generic,unverified
tc-rounded-rectangle-75x50mm,75 × 50 mm rounded rectangle,core-geometry,rounded-rectangles,general,none,introductory,75 × 50 mm,CUT,none,generated/svg/core-geometry/tc-rounded-rectangle-75x50mm.svg,generated/previews/core-geometry/tc-rounded-rectangle-75x50mm.svg,CC-BY-SA-4.0,none,original-generic,unverified
tc-rounded-slot-40x6mm,40 × 6 mm rounded slot,core-geometry,rounded-slots,general,none,introductory,70 × 35 mm,CUT,configurable,generated/svg/core-geometry/tc-rounded-slot-40x6mm.svg,generated/previews/core-geometry/tc-rounded-slot-40x6mm.svg,CC-BY-SA-4.0,none,original-generic,unverified
tc-slot-40x6mm,40 × 6 mm slot,core-geometry,slots,general,none,introductory,70 × 35 mm,CUT,configurable,generated/svg/core-geometry/tc-slot-40x6mm.svg,generated/previews/core-geometry/tc-slot-40x6mm.svg,CC-BY-SA-4.0,none,original-generic,unverified
tc-spacer-30mm-m6,30 mm spacer with M6 clearance,core-geometry,spacers,general,none,introductory,40 × 40 mm,CUT,none,generated/svg/core-geometry/tc-spacer-30mm-m6.svg,generated/previews/core-geometry/tc-spacer-30mm-m6.svg,CC-BY-SA-4.0,none,original-generic,unverified
tc-star-five-point-60mm,60 mm five-point star,core-geometry,stars,general,none,introductory,70 × 70 mm,CUT,none,generated/svg/core-geometry/tc-star-five-point-60mm.svg,generated/previews/core-geometry/tc-star-five-point-60mm.svg,CC-BY-SA-4.0,none,original-generic,unverified
tc-tabs-three-widths,Three tab starter widths,core-geometry,tabs,general,none,introductory,90 × 50 mm,CUT,configurable,generated/svg/core-geometry/tc-tabs-three-widths.svg,generated/previews/core-geometry/tc-tabs-three-widths.svg,CC-BY-SA-4.0,none,original-generic,unverified
tc-theme-animal-fish,Generic fish starter,themed-starters,animals,general,themed starter,introductory,100 × 100 mm,CUT,none,generated/svg/themed-starters/tc-theme-animal-fish.svg,generated/previews/themed-starters/tc-theme-animal-fish.svg,CC-BY-SA-4.0,none,original-generic,unverified
tc-theme-animal-paw,Generic animal paw starter,themed-starters,animals,general,themed starter,introductory,100 × 100 mm,CUT,none,generated/svg/themed-starters/tc-theme-animal-paw.svg,generated/previews/themed-starters/tc-theme-animal-paw.svg,CC-BY-SA-4.0,none,original-generic,unverified
tc-theme-architecture-bridge,Generic bridge starter,themed-starters,architecture,general,themed starter,introductory,100 × 100 mm,CUT+SCORE,none,generated/svg/themed-starters/tc-theme-architecture-bridge.svg,generated/previews/themed-starters/tc-theme-architecture-bridge.svg,CC-BY-SA-4.0,none,original-generic,unverified
tc-theme-architecture-house,Generic house starter,themed-starters,architecture,general,themed starter,introductory,100 × 100 mm,CUT,none,generated/svg/themed-starters/tc-theme-architecture-house.svg,generated/previews/themed-starters/tc-theme-architecture-house.svg,CC-BY-SA-4.0,none,original-generic,unverified
tc-theme-art-palette,Generic art palette starter,themed-starters,art,general,themed starter,introductory,100 × 100 mm,CUT,none,generated/svg/themed-starters/tc-theme-art-palette.svg,generated/previews/themed-starters/tc-theme-art-palette.svg,CC-BY-SA-4.0,none,original-generic,unverified
tc-theme-canada-region-plaque,Canadian province or territory research plaque,themed-starters,Canada,general,themed starter,introductory,100 × 100 mm,CUT+ENGRAVE,none,generated/svg/themed-starters/tc-theme-canada-region-plaque.svg,generated/previews/themed-starters/tc-theme-canada-region-plaque.svg,CC-BY-SA-4.0,review-recommended,original-generic,unverified
tc-theme-celebration-star-ornament,Five-point celebration ornament,themed-starters,celebration,general,themed starter,introductory,100 × 100 mm,CUT,none,generated/svg/themed-starters/tc-theme-celebration-star-ornament.svg,generated/previews/themed-starters/tc-theme-celebration-star-ornament.svg,CC-BY-SA-4.0,none,original-generic,unverified
tc-theme-christmas-tree,Generic Christmas tree starter,themed-starters,Christmas,general,themed starter,introductory,100 × 100 mm,CUT,none,generated/svg/themed-starters/tc-theme-christmas-tree.svg,generated/previews/themed-starters/tc-theme-christmas-tree.svg,CC-BY-SA-4.0,review-recommended,original-generic,unverified
tc-theme-diwali-tag,Diwali design-research tag,themed-starters,Diwali,general,themed starter,introductory,100 × 100 mm,CUT+ENGRAVE,none,generated/svg/themed-starters/tc-theme-diwali-tag.svg,generated/previews/themed-starters/tc-theme-diwali-tag.svg,CC-BY-SA-4.0,review-recommended,original-generic,unverified
tc-theme-easter-egg,Generic Easter egg starter,themed-starters,Easter,general,themed starter,introductory,100 × 100 mm,CUT+SCORE,none,generated/svg/themed-starters/tc-theme-easter-egg.svg,generated/previews/themed-starters/tc-theme-easter-egg.svg,CC-BY-SA-4.0,review-recommended,original-generic,unverified
tc-theme-eid-tag,Eid design-research tag,themed-starters,Eid,general,themed starter,introductory,100 × 100 mm,CUT+ENGRAVE,none,generated/svg/themed-starters/tc-theme-eid-tag.svg,generated/previews/themed-starters/tc-theme-eid-tag.svg,CC-BY-SA-4.0,review-recommended,original-generic,unverified
tc-theme-festival-lantern-blank,Festival lantern decoration blank,themed-starters,cultural celebration,general,themed starter,introductory,100 × 100 mm,CUT+SCORE,none,generated/svg/themed-starters/tc-theme-festival-lantern-blank.svg,generated/previews/themed-starters/tc-theme-festival-lantern-blank.svg,CC-BY-SA-4.0,review-recommended,original-generic,unverified
tc-theme-generic-flag,Generic flag and team-sign blank,themed-starters,countries and teams,general,themed starter,introductory,100 × 100 mm,CUT,none,generated/svg/themed-starters/tc-theme-generic-flag.svg,generated/previews/themed-starters/tc-theme-generic-flag.svg,CC-BY-SA-4.0,review-recommended,original-generic,unverified
tc-theme-generic-sport-shield,Generic sport crest blank,themed-starters,sports,general,themed starter,introductory,100 × 100 mm,CUT,none,generated/svg/themed-starters/tc-theme-generic-sport-shield.svg,generated/previews/themed-starters/tc-theme-generic-sport-shield.svg,CC-BY-SA-4.0,none,original-generic,unverified
tc-theme-graduation-cap,Generic school graduation-cap starter,themed-starters,school celebrations,general,themed starter,introductory,100 × 100 mm,CUT+SCORE,none,generated/svg/themed-starters/tc-theme-graduation-cap.svg,generated/previews/themed-starters/tc-theme-graduation-cap.svg,CC-BY-SA-4.0,none,original-generic,unverified
tc-theme-halloween-pumpkin,Generic Halloween pumpkin starter,themed-starters,Halloween,general,themed starter,introductory,100 × 100 mm,CUT+SCORE,none,generated/svg/themed-starters/tc-theme-halloween-pumpkin.svg,generated/previews/themed-starters/tc-theme-halloween-pumpkin.svg,CC-BY-SA-4.0,none,original-generic,unverified
tc-theme-hanukkah-tag,Hanukkah design-research tag,themed-starters,Hanukkah,general,themed starter,introductory,100 × 100 mm,CUT+ENGRAVE,none,generated/svg/themed-starters/tc-theme-hanukkah-tag.svg,generated/previews/themed-starters/tc-theme-hanukkah-tag.svg,CC-BY-SA-4.0,review-recommended,original-generic,unverified
tc-theme-heart-tag,Heart-shaped gift tag,themed-starters,celebration,general,themed starter,introductory,100 × 100 mm,CUT,none,generated/svg/themed-starters/tc-theme-heart-tag.svg,generated/previews/themed-starters/tc-theme-heart-tag.svg,CC-BY-SA-4.0,none,original-generic,unverified
tc-theme-hobby-book,Generic open-book starter,themed-starters,hobbies,general,themed starter,introductory,100 × 100 mm,CUT,none,generated/svg/themed-starters/tc-theme-hobby-book.svg,generated/previews/themed-starters/tc-theme-hobby-book.svg,CC-BY-SA-4.0,none,original-generic,unverified
tc-theme-jersey-number-blank,Generic jersey-number sign blank,themed-starters,sports,general,themed starter,introductory,100 × 100 mm,CUT+ENGRAVE,none,generated/svg/themed-starters/tc-theme-jersey-number-blank.svg,generated/previews/themed-starters/tc-theme-jersey-number-blank.svg,CC-BY-SA-4.0,none,original-generic,unverified
tc-theme-lunar-new-year-lantern,Lunar New Year lantern starter,themed-starters,Lunar New Year,general,themed starter,introductory,100 × 100 mm,CUT+ENGRAVE+SCORE,none,generated/svg/themed-starters/tc-theme-lunar-new-year-lantern.svg,generated/previews/themed-starters/tc-theme-lunar-new-year-lantern.svg,CC-BY-SA-4.0,review-recommended,original-generic,unverified
tc-theme-map-research-plaque,Map research plaque blank,themed-starters,maps,general,themed starter,introductory,100 × 100 mm,CUT+ENGRAVE,none,generated/svg/themed-starters/tc-theme-map-research-plaque.svg,generated/previews/themed-starters/tc-theme-map-research-plaque.svg,CC-BY-SA-4.0,review-recommended,original-generic,unverified
tc-theme-music-note,Generic music-note starter,themed-starters,music,general,themed starter,introductory,100 × 100 mm,CUT,none,generated/svg/themed-starters/tc-theme-music-note.svg,generated/previews/themed-starters/tc-theme-music-note.svg,CC-BY-SA-4.0,none,original-generic,unverified
tc-theme-nature-leaf,Generic leaf starter,themed-starters,nature,general,themed starter,introductory,100 × 100 mm,CUT+SCORE,none,generated/svg/themed-starters/tc-theme-nature-leaf.svg,generated/previews/themed-starters/tc-theme-nature-leaf.svg,CC-BY-SA-4.0,none,original-generic,unverified
tc-theme-nature-mountain,Generic mountain starter,themed-starters,nature,general,themed starter,introductory,100 × 100 mm,CUT+SCORE,none,generated/svg/themed-starters/tc-theme-nature-mountain.svg,generated/previews/themed-starters/tc-theme-nature-mountain.svg,CC-BY-SA-4.0,none,original-generic,unverified
tc-theme-occupation-hard-hat,Generic hard-hat starter,themed-starters,occupations,general,themed starter,introductory,100 × 100 mm,CUT+SCORE,none,generated/svg/themed-starters/tc-theme-occupation-hard-hat.svg,generated/previews/themed-starters/tc-theme-occupation-hard-hat.svg,CC-BY-SA-4.0,none,original-generic,unverified
tc-theme-ppe-label-board,PPE label board starter,themed-starters,signs and safety,general,themed starter,introductory,100 × 100 mm,CUT+ENGRAVE,none,generated/svg/themed-starters/tc-theme-ppe-label-board.svg,generated/previews/themed-starters/tc-theme-ppe-label-board.svg,CC-BY-SA-4.0,none,original-generic,unverified
tc-theme-ramadan-tag,Ramadan design-research tag,themed-starters,Ramadan,general,themed starter,introductory,100 × 100 mm,CUT+ENGRAVE,none,generated/svg/themed-starters/tc-theme-ramadan-tag.svg,generated/previews/themed-starters/tc-theme-ramadan-tag.svg,CC-BY-SA-4.0,review-recommended,original-generic,unverified
tc-theme-safety-glasses,Generic safety-glasses icon,themed-starters,safety,general,themed starter,introductory,100 × 100 mm,CUT+SCORE,none,generated/svg/themed-starters/tc-theme-safety-glasses.svg,generated/previews/themed-starters/tc-theme-safety-glasses.svg,CC-BY-SA-4.0,none,original-generic,unverified
tc-theme-school-gear,Generic school technology gear,themed-starters,school,general,themed starter,introductory,100 × 100 mm,CUT,none,generated/svg/themed-starters/tc-theme-school-gear.svg,generated/previews/themed-starters/tc-theme-school-gear.svg,CC-BY-SA-4.0,none,original-generic,unverified
tc-theme-science-atom,Generic science atom engraving outline,themed-starters,science,general,themed starter,introductory,100 × 100 mm,CUT,none,generated/svg/themed-starters/tc-theme-science-atom.svg,generated/previews/themed-starters/tc-theme-science-atom.svg,CC-BY-SA-4.0,none,original-generic,unverified
tc-theme-science-flask,Generic science flask starter,themed-starters,science,general,themed starter,introductory,100 × 100 mm,CUT+SCORE,none,generated/svg/themed-starters/tc-theme-science-flask.svg,generated/previews/themed-starters/tc-theme-science-flask.svg,CC-BY-SA-4.0,none,original-generic,unverified
tc-theme-sign-caution,Generic caution sign blank,themed-starters,signs and safety,general,themed starter,introductory,100 × 100 mm,CUT+ENGRAVE,none,generated/svg/themed-starters/tc-theme-sign-caution.svg,generated/previews/themed-starters/tc-theme-sign-caution.svg,CC-BY-SA-4.0,none,original-generic,unverified
tc-theme-sign-exit-arrow,Generic directional arrow sign,themed-starters,signs and safety,general,themed starter,introductory,100 × 100 mm,CUT+ENGRAVE,none,generated/svg/themed-starters/tc-theme-sign-exit-arrow.svg,generated/previews/themed-starters/tc-theme-sign-exit-arrow.svg,CC-BY-SA-4.0,none,original-generic,unverified
tc-theme-space-rocket,Generic space rocket starter,themed-starters,space,general,themed starter,introductory,100 × 100 mm,CUT,none,generated/svg/themed-starters/tc-theme-space-rocket.svg,generated/previews/themed-starters/tc-theme-space-rocket.svg,CC-BY-SA-4.0,none,original-generic,unverified
tc-theme-sport-ball,Generic sport ball starter,themed-starters,sports,general,themed starter,introductory,100 × 100 mm,CUT+SCORE,none,generated/svg/themed-starters/tc-theme-sport-ball.svg,generated/previews/themed-starters/tc-theme-sport-ball.svg,CC-BY-SA-4.0,none,original-generic,unverified
tc-theme-technology-circuit-board,Generic circuit-board sign blank,themed-starters,technology,general,themed starter,introductory,100 × 100 mm,CUT+SCORE,none,generated/svg/themed-starters/tc-theme-technology-circuit-board.svg,generated/previews/themed-starters/tc-theme-technology-circuit-board.svg,CC-BY-SA-4.0,none,original-generic,unverified
tc-theme-technology-robot,Generic technology robot starter,themed-starters,technology,general,themed starter,introductory,100 × 100 mm,CUT+SCORE,none,generated/svg/themed-starters/tc-theme-technology-robot.svg,generated/previews/themed-starters/tc-theme-technology-robot.svg,CC-BY-SA-4.0,none,original-generic,unverified
tc-theme-transport-airplane,Generic airplane starter,themed-starters,transportation,general,themed starter,introductory,100 × 100 mm,CUT,none,generated/svg/themed-starters/tc-theme-transport-airplane.svg,generated/previews/themed-starters/tc-theme-transport-airplane.svg,CC-BY-SA-4.0,none,original-generic,unverified
tc-theme-transport-car,Generic car starter,themed-starters,transportation,general,themed starter,introductory,100 × 100 mm,CUT,none,generated/svg/themed-starters/tc-theme-transport-car.svg,generated/previews/themed-starters/tc-theme-transport-car.svg,CC-BY-SA-4.0,none,original-generic,unverified
tc-theme-vaisakhi-tag,Vaisakhi design-research tag,themed-starters,Vaisakhi,general,themed starter,introductory,100 × 100 mm,CUT+ENGRAVE,none,generated/svg/themed-starters/tc-theme-vaisakhi-tag.svg,generated/previews/themed-starters/tc-theme-vaisakhi-tag.svg,CC-BY-SA-4.0,review-recommended,original-generic,unverified
tc-theme-winter-snowflake,Procedural winter snowflake,themed-starters,seasonal,general,themed starter,introductory,100 × 100 mm,CUT,none,generated/svg/themed-starters/tc-theme-winter-snowflake.svg,generated/previews/themed-starters/tc-theme-winter-snowflake.svg,CC-BY-SA-4.0,none,original-generic,unverified
tc-triangle-equilateral-75mm,75 mm equilateral triangle,core-geometry,triangles,general,none,introductory,85 × 75 mm,CUT,none,generated/svg/core-geometry/tc-triangle-equilateral-75mm.svg,generated/previews/core-geometry/tc-triangle-equilateral-75mm.svg,CC-BY-SA-4.0,none,original-generic,unverified
tc-u-slot-30x8mm,30 × 8 mm U-slot,core-geometry,u-slots,general,none,introductory,60 × 50 mm,CUT,configurable,generated/svg/core-geometry/tc-u-slot-30x8mm.svg,generated/previews/core-geometry/tc-u-slot-30x8mm.svg,CC-BY-SA-4.0,none,original-generic,unverified
tc-v-notch-20x15mm,20 × 15 mm V-notch,core-geometry,v-notches,general,none,introductory,60 × 50 mm,CUT,none,generated/svg/core-geometry/tc-v-notch-20x15mm.svg,generated/previews/core-geometry/tc-v-notch-20x15mm.svg,CC-BY-SA-4.0,none,original-generic,unverified
tc-zip-tie-pattern-4mm,4 mm zip-tie mounting pattern,core-geometry,zip-tie-patterns,general,none,introductory,60 × 35 mm,CUT,none,generated/svg/core-geometry/tc-zip-tie-pattern-4mm.svg,generated/previews/core-geometry/tc-zip-tie-pattern-4mm.svg,CC-BY-SA-4.0,none,original-generic,unverified
